<annotation>
	<folder>labelImg</folder>
	<filename>111.jpg</filename>
	<path>D:\labelImg\111.jpg</path>
	<source>
		<database>Unknown</database>
	</source>
	<size>
		<width>1350</width>
		<height>845</height>
		<depth>3</depth>
	</size>
	<segmented>0</segmented>
	<object>
		<name>chair</name>
		<pose>Unspecified</pose>
		<truncated>0</truncated>
		<difficult>0</difficult>
		<bndbox>
			<xmin>257</xmin>
			<ymin>472</ymin>
			<xmax>463</xmax>
			<ymax>801</ymax>
		</bndbox>
	</object>
</annotation>
