<annotation>
	<folder>labelImg</folder>
	<filename>112.jpg</filename>
	<path>D:\labelImg\112.jpg</path>
	<source>
		<database>Unknown</database>
	</source>
	<size>
		<width>1968</width>
		<height>1404</height>
		<depth>3</depth>
	</size>
	<segmented>0</segmented>
	<object>
		<name>chair</name>
		<pose>Unspecified</pose>
		<truncated>0</truncated>
		<difficult>0</difficult>
		<bndbox>
			<xmin>250</xmin>
			<ymin>472</ymin>
			<xmax>864</xmax>
			<ymax>1213</ymax>
		</bndbox>
	</object>
	<object>
		<name>chair</name>
		<pose>Unspecified</pose>
		<truncated>0</truncated>
		<difficult>0</difficult>
		<bndbox>
			<xmin>1064</xmin>
			<ymin>466</ymin>
			<xmax>1606</xmax>
			<ymax>1133</ymax>
		</bndbox>
	</object>
</annotation>
