<annotation>
	<folder>labelImg</folder>
	<filename>113.jpg</filename>
	<path>D:\labelImg\113.jpg</path>
	<source>
		<database>Unknown</database>
	</source>
	<size>
		<width>760</width>
		<height>507</height>
		<depth>3</depth>
	</size>
	<segmented>0</segmented>
	<object>
		<name>chair</name>
		<pose>Unspecified</pose>
		<truncated>0</truncated>
		<difficult>0</difficult>
		<bndbox>
			<xmin>262</xmin>
			<ymin>252</ymin>
			<xmax>427</xmax>
			<ymax>490</ymax>
		</bndbox>
	</object>
	<object>
		<name>chair</name>
		<pose>Unspecified</pose>
		<truncated>0</truncated>
		<difficult>0</difficult>
		<bndbox>
			<xmin>452</xmin>
			<ymin>249</ymin>
			<xmax>588</xmax>
			<ymax>446</ymax>
		</bndbox>
	</object>
</annotation>
