<annotation>
	<folder>labelImg</folder>
	<filename>114.jpg</filename>
	<path>D:\labelImg\114.jpg</path>
	<source>
		<database>Unknown</database>
	</source>
	<size>
		<width>549</width>
		<height>768</height>
		<depth>3</depth>
	</size>
	<segmented>0</segmented>
	<object>
		<name>chair</name>
		<pose>Unspecified</pose>
		<truncated>0</truncated>
		<difficult>0</difficult>
		<bndbox>
			<xmin>98</xmin>
			<ymin>70</ymin>
			<xmax>441</xmax>
			<ymax>724</ymax>
		</bndbox>
	</object>
</annotation>
