<annotation>
	<folder>labelImg</folder>
	<filename>116.jpg</filename>
	<path>D:\labelImg\116.jpg</path>
	<source>
		<database>Unknown</database>
	</source>
	<size>
		<width>1500</width>
		<height>1500</height>
		<depth>3</depth>
	</size>
	<segmented>0</segmented>
	<object>
		<name>chair</name>
		<pose>Unspecified</pose>
		<truncated>0</truncated>
		<difficult>0</difficult>
		<bndbox>
			<xmin>649</xmin>
			<ymin>298</ymin>
			<xmax>1490</xmax>
			<ymax>1298</ymax>
		</bndbox>
	</object>
	<object>
		<name>chair</name>
		<pose>Unspecified</pose>
		<truncated>0</truncated>
		<difficult>0</difficult>
		<bndbox>
			<xmin>27</xmin>
			<ymin>293</ymin>
			<xmax>873</xmax>
			<ymax>1222</ymax>
		</bndbox>
	</object>
</annotation>
