<annotation>
	<folder>labelImg</folder>
	<filename>118.jpg</filename>
	<path>D:\labelImg\118.jpg</path>
	<source>
		<database>Unknown</database>
	</source>
	<size>
		<width>523</width>
		<height>523</height>
		<depth>3</depth>
	</size>
	<segmented>0</segmented>
	<object>
		<name>chair</name>
		<pose>Unspecified</pose>
		<truncated>0</truncated>
		<difficult>0</difficult>
		<bndbox>
			<xmin>22</xmin>
			<ymin>194</ymin>
			<xmax>179</xmax>
			<ymax>427</ymax>
		</bndbox>
	</object>
	<object>
		<name>chair</name>
		<pose>Unspecified</pose>
		<truncated>0</truncated>
		<difficult>0</difficult>
		<bndbox>
			<xmin>313</xmin>
			<ymin>218</ymin>
			<xmax>496</xmax>
			<ymax>484</ymax>
		</bndbox>
	</object>
</annotation>
