<annotation>
	<folder>labelImg</folder>
	<filename>119.jpg</filename>
	<path>D:\labelImg\119.jpg</path>
	<source>
		<database>Unknown</database>
	</source>
	<size>
		<width>1530</width>
		<height>861</height>
		<depth>3</depth>
	</size>
	<segmented>0</segmented>
	<object>
		<name>chair</name>
		<pose>Unspecified</pose>
		<truncated>1</truncated>
		<difficult>0</difficult>
		<bndbox>
			<xmin>1216</xmin>
			<ymin>542</ymin>
			<xmax>1434</xmax>
			<ymax>861</ymax>
		</bndbox>
	</object>
</annotation>
