<annotation>
	<folder>labelImg</folder>
	<filename>120.jpg</filename>
	<path>D:\labelImg\120.jpg</path>
	<source>
		<database>Unknown</database>
	</source>
	<size>
		<width>960</width>
		<height>638</height>
		<depth>3</depth>
	</size>
	<segmented>0</segmented>
	<object>
		<name>chair</name>
		<pose>Unspecified</pose>
		<truncated>0</truncated>
		<difficult>0</difficult>
		<bndbox>
			<xmin>667</xmin>
			<ymin>378</ymin>
			<xmax>866</xmax>
			<ymax>573</ymax>
		</bndbox>
	</object>
</annotation>
