<annotation>
	<folder>labelImg</folder>
	<filename>122.jpg</filename>
	<path>D:\labelImg\122.jpg</path>
	<source>
		<database>Unknown</database>
	</source>
	<size>
		<width>400</width>
		<height>400</height>
		<depth>3</depth>
	</size>
	<segmented>0</segmented>
	<object>
		<name>chair</name>
		<pose>Unspecified</pose>
		<truncated>0</truncated>
		<difficult>0</difficult>
		<bndbox>
			<xmin>114</xmin>
			<ymin>126</ymin>
			<xmax>365</xmax>
			<ymax>392</ymax>
		</bndbox>
	</object>
</annotation>
