<annotation>
	<folder>labelImg</folder>
	<filename>123.jpg</filename>
	<path>D:\labelImg\123.jpg</path>
	<source>
		<database>Unknown</database>
	</source>
	<size>
		<width>400</width>
		<height>400</height>
		<depth>3</depth>
	</size>
	<segmented>0</segmented>
	<object>
		<name>chair</name>
		<pose>Unspecified</pose>
		<truncated>0</truncated>
		<difficult>0</difficult>
		<bndbox>
			<xmin>109</xmin>
			<ymin>60</ymin>
			<xmax>384</xmax>
			<ymax>381</ymax>
		</bndbox>
	</object>
</annotation>
