<annotation>
	<folder>labelImg</folder>
	<filename>124.jpg</filename>
	<path>D:\labelImg\124.jpg</path>
	<source>
		<database>Unknown</database>
	</source>
	<size>
		<width>400</width>
		<height>400</height>
		<depth>3</depth>
	</size>
	<segmented>0</segmented>
	<object>
		<name>chair</name>
		<pose>Unspecified</pose>
		<truncated>0</truncated>
		<difficult>0</difficult>
		<bndbox>
			<xmin>275</xmin>
			<ymin>174</ymin>
			<xmax>383</xmax>
			<ymax>336</ymax>
		</bndbox>
	</object>
	<object>
		<name>chair</name>
		<pose>Unspecified</pose>
		<truncated>0</truncated>
		<difficult>0</difficult>
		<bndbox>
			<xmin>19</xmin>
			<ymin>183</ymin>
			<xmax>145</xmax>
			<ymax>356</ymax>
		</bndbox>
	</object>
</annotation>
