<annotation>
	<folder>labelImg</folder>
	<filename>125.jpg</filename>
	<path>D:\labelImg\125.jpg</path>
	<source>
		<database>Unknown</database>
	</source>
	<size>
		<width>1200</width>
		<height>1200</height>
		<depth>3</depth>
	</size>
	<segmented>0</segmented>
	<object>
		<name>chair</name>
		<pose>Unspecified</pose>
		<truncated>0</truncated>
		<difficult>0</difficult>
		<bndbox>
			<xmin>531</xmin>
			<ymin>395</ymin>
			<xmax>1103</xmax>
			<ymax>979</ymax>
		</bndbox>
	</object>
</annotation>
