<annotation>
	<folder>labelImg</folder>
	<filename>126.jpg</filename>
	<path>D:\labelImg\126.jpg</path>
	<source>
		<database>Unknown</database>
	</source>
	<size>
		<width>1400</width>
		<height>1400</height>
		<depth>3</depth>
	</size>
	<segmented>0</segmented>
	<object>
		<name>chair</name>
		<pose>Unspecified</pose>
		<truncated>0</truncated>
		<difficult>0</difficult>
		<bndbox>
			<xmin>247</xmin>
			<ymin>420</ymin>
			<xmax>1117</xmax>
			<ymax>1333</ymax>
		</bndbox>
	</object>
</annotation>
