<annotation>
	<folder>labelImg</folder>
	<filename>127.jpg</filename>
	<path>D:\labelImg\127.jpg</path>
	<source>
		<database>Unknown</database>
	</source>
	<size>
		<width>550</width>
		<height>413</height>
		<depth>3</depth>
	</size>
	<segmented>0</segmented>
	<object>
		<name>chair</name>
		<pose>Unspecified</pose>
		<truncated>0</truncated>
		<difficult>0</difficult>
		<bndbox>
			<xmin>353</xmin>
			<ymin>175</ymin>
			<xmax>461</xmax>
			<ymax>363</ymax>
		</bndbox>
	</object>
</annotation>
