<annotation>
	<folder>labelImg</folder>
	<filename>128.jpg</filename>
	<path>D:\labelImg\128.jpg</path>
	<source>
		<database>Unknown</database>
	</source>
	<size>
		<width>1024</width>
		<height>683</height>
		<depth>3</depth>
	</size>
	<segmented>0</segmented>
	<object>
		<name>chair</name>
		<pose>Unspecified</pose>
		<truncated>0</truncated>
		<difficult>0</difficult>
		<bndbox>
			<xmin>272</xmin>
			<ymin>300</ymin>
			<xmax>445</xmax>
			<ymax>483</ymax>
		</bndbox>
	</object>
</annotation>
