<annotation>
	<folder>labelImg</folder>
	<filename>130.jpg</filename>
	<path>D:\labelImg\130.jpg</path>
	<source>
		<database>Unknown</database>
	</source>
	<size>
		<width>800</width>
		<height>800</height>
		<depth>3</depth>
	</size>
	<segmented>0</segmented>
	<object>
		<name>chair</name>
		<pose>Unspecified</pose>
		<truncated>0</truncated>
		<difficult>0</difficult>
		<bndbox>
			<xmin>121</xmin>
			<ymin>26</ymin>
			<xmax>678</xmax>
			<ymax>784</ymax>
		</bndbox>
	</object>
</annotation>
