<annotation>
	<folder>labelImg</folder>
	<filename>131.jpg</filename>
	<path>D:\labelImg\131.jpg</path>
	<source>
		<database>Unknown</database>
	</source>
	<size>
		<width>3000</width>
		<height>3000</height>
		<depth>3</depth>
	</size>
	<segmented>0</segmented>
	<object>
		<name>chair</name>
		<pose>Unspecified</pose>
		<truncated>0</truncated>
		<difficult>0</difficult>
		<bndbox>
			<xmin>855</xmin>
			<ymin>462</ymin>
			<xmax>2312</xmax>
			<ymax>2802</ymax>
		</bndbox>
	</object>
</annotation>
