<annotation>
	<folder>labelImg</folder>
	<filename>132.png</filename>
	<path>D:\labelImg\132.png</path>
	<source>
		<database>Unknown</database>
	</source>
	<size>
		<width>1920</width>
		<height>1278</height>
		<depth>3</depth>
	</size>
	<segmented>0</segmented>
	<object>
		<name>chair</name>
		<pose>Unspecified</pose>
		<truncated>0</truncated>
		<difficult>0</difficult>
		<bndbox>
			<xmin>138</xmin>
			<ymin>616</ymin>
			<xmax>526</xmax>
			<ymax>983</ymax>
		</bndbox>
	</object>
</annotation>
