<annotation>
	<folder>labelImg</folder>
	<filename>133.jpg</filename>
	<path>D:\labelImg\133.jpg</path>
	<source>
		<database>Unknown</database>
	</source>
	<size>
		<width>724</width>
		<height>483</height>
		<depth>3</depth>
	</size>
	<segmented>0</segmented>
	<object>
		<name>chair</name>
		<pose>Unspecified</pose>
		<truncated>0</truncated>
		<difficult>0</difficult>
		<bndbox>
			<xmin>372</xmin>
			<ymin>140</ymin>
			<xmax>677</xmax>
			<ymax>470</ymax>
		</bndbox>
	</object>
</annotation>
