<annotation>
	<folder>labelImg</folder>
	<filename>134.jpg</filename>
	<path>D:\labelImg\134.jpg</path>
	<source>
		<database>Unknown</database>
	</source>
	<size>
		<width>192</width>
		<height>262</height>
		<depth>3</depth>
	</size>
	<segmented>0</segmented>
	<object>
		<name>chair</name>
		<pose>Unspecified</pose>
		<truncated>0</truncated>
		<difficult>0</difficult>
		<bndbox>
			<xmin>17</xmin>
			<ymin>25</ymin>
			<xmax>151</xmax>
			<ymax>246</ymax>
		</bndbox>
	</object>
	<object>
		<name>chair</name>
		<pose>Unspecified</pose>
		<truncated>0</truncated>
		<difficult>0</difficult>
		<bndbox>
			<xmin>82</xmin>
			<ymin>15</ymin>
			<xmax>139</xmax>
			<ymax>115</ymax>
		</bndbox>
	</object>
</annotation>
