<annotation>
	<folder>labelImg</folder>
	<filename>136.jpg</filename>
	<path>D:\labelImg\136.jpg</path>
	<source>
		<database>Unknown</database>
	</source>
	<size>
		<width>219</width>
		<height>231</height>
		<depth>3</depth>
	</size>
	<segmented>0</segmented>
	<object>
		<name>chair</name>
		<pose>Unspecified</pose>
		<truncated>0</truncated>
		<difficult>0</difficult>
		<bndbox>
			<xmin>55</xmin>
			<ymin>20</ymin>
			<xmax>164</xmax>
			<ymax>212</ymax>
		</bndbox>
	</object>
</annotation>
