<annotation>
	<folder>labelImg</folder>
	<filename>138.jpg</filename>
	<path>D:\labelImg\138.jpg</path>
	<source>
		<database>Unknown</database>
	</source>
	<size>
		<width>275</width>
		<height>183</height>
		<depth>3</depth>
	</size>
	<segmented>0</segmented>
	<object>
		<name>chair</name>
		<pose>Unspecified</pose>
		<truncated>0</truncated>
		<difficult>0</difficult>
		<bndbox>
			<xmin>188</xmin>
			<ymin>81</ymin>
			<xmax>222</xmax>
			<ymax>131</ymax>
		</bndbox>
	</object>
</annotation>
