<annotation>
	<folder>labelImg</folder>
	<filename>139.jpg</filename>
	<path>D:\labelImg\139.jpg</path>
	<source>
		<database>Unknown</database>
	</source>
	<size>
		<width>273</width>
		<height>185</height>
		<depth>3</depth>
	</size>
	<segmented>0</segmented>
	<object>
		<name>chair</name>
		<pose>Unspecified</pose>
		<truncated>0</truncated>
		<difficult>0</difficult>
		<bndbox>
			<xmin>205</xmin>
			<ymin>98</ymin>
			<xmax>248</xmax>
			<ymax>161</ymax>
		</bndbox>
	</object>
	<object>
		<name>chair</name>
		<pose>Unspecified</pose>
		<truncated>0</truncated>
		<difficult>0</difficult>
		<bndbox>
			<xmin>151</xmin>
			<ymin>98</ymin>
			<xmax>170</xmax>
			<ymax>120</ymax>
		</bndbox>
	</object>
</annotation>
