<annotation>
	<folder>labelImg</folder>
	<filename>142.jpg</filename>
	<path>D:\labelImg\142.jpg</path>
	<source>
		<database>Unknown</database>
	</source>
	<size>
		<width>310</width>
		<height>163</height>
		<depth>3</depth>
	</size>
	<segmented>0</segmented>
	<object>
		<name>chair</name>
		<pose>Unspecified</pose>
		<truncated>0</truncated>
		<difficult>0</difficult>
		<bndbox>
			<xmin>96</xmin>
			<ymin>17</ymin>
			<xmax>217</xmax>
			<ymax>157</ymax>
		</bndbox>
	</object>
</annotation>
