<annotation>
	<folder>labelImg</folder>
	<filename>143.jpg</filename>
	<path>D:\labelImg\143.jpg</path>
	<source>
		<database>Unknown</database>
	</source>
	<size>
		<width>1024</width>
		<height>640</height>
		<depth>3</depth>
	</size>
	<segmented>0</segmented>
	<object>
		<name>chair</name>
		<pose>Unspecified</pose>
		<truncated>0</truncated>
		<difficult>0</difficult>
		<bndbox>
			<xmin>276</xmin>
			<ymin>296</ymin>
			<xmax>430</xmax>
			<ymax>521</ymax>
		</bndbox>
	</object>
</annotation>
