<annotation>
	<folder>labelImg</folder>
	<filename>144.jpg</filename>
	<path>D:\labelImg\144.jpg</path>
	<source>
		<database>Unknown</database>
	</source>
	<size>
		<width>1280</width>
		<height>850</height>
		<depth>3</depth>
	</size>
	<segmented>0</segmented>
	<object>
		<name>chair</name>
		<pose>Unspecified</pose>
		<truncated>0</truncated>
		<difficult>0</difficult>
		<bndbox>
			<xmin>804</xmin>
			<ymin>522</ymin>
			<xmax>1045</xmax>
			<ymax>754</ymax>
		</bndbox>
	</object>
	<object>
		<name>chair</name>
		<pose>Unspecified</pose>
		<truncated>1</truncated>
		<difficult>0</difficult>
		<bndbox>
			<xmin>880</xmin>
			<ymin>665</ymin>
			<xmax>1280</xmax>
			<ymax>850</ymax>
		</bndbox>
	</object>
</annotation>
