<annotation>
	<folder>labelImg</folder>
	<filename>145.jpg</filename>
	<path>D:\labelImg\145.jpg</path>
	<source>
		<database>Unknown</database>
	</source>
	<size>
		<width>420</width>
		<height>277</height>
		<depth>3</depth>
	</size>
	<segmented>0</segmented>
	<object>
		<name>chair</name>
		<pose>Unspecified</pose>
		<truncated>0</truncated>
		<difficult>0</difficult>
		<bndbox>
			<xmin>49</xmin>
			<ymin>162</ymin>
			<xmax>139</xmax>
			<ymax>255</ymax>
		</bndbox>
	</object>
	<object>
		<name>chair</name>
		<pose>Unspecified</pose>
		<truncated>0</truncated>
		<difficult>0</difficult>
		<bndbox>
			<xmin>287</xmin>
			<ymin>159</ymin>
			<xmax>397</xmax>
			<ymax>251</ymax>
		</bndbox>
	</object>
</annotation>
