<annotation>
	<folder>labelImg</folder>
	<filename>146.jpg</filename>
	<path>D:\labelImg\146.jpg</path>
	<source>
		<database>Unknown</database>
	</source>
	<size>
		<width>600</width>
		<height>600</height>
		<depth>3</depth>
	</size>
	<segmented>0</segmented>
	<object>
		<name>chair</name>
		<pose>Unspecified</pose>
		<truncated>1</truncated>
		<difficult>0</difficult>
		<bndbox>
			<xmin>123</xmin>
			<ymin>10</ymin>
			<xmax>467</xmax>
			<ymax>600</ymax>
		</bndbox>
	</object>
</annotation>
