<annotation>
	<folder>labelImg</folder>
	<filename>147.jpg</filename>
	<path>D:\labelImg\147.jpg</path>
	<source>
		<database>Unknown</database>
	</source>
	<size>
		<width>755</width>
		<height>755</height>
		<depth>3</depth>
	</size>
	<segmented>0</segmented>
	<object>
		<name>chair</name>
		<pose>Unspecified</pose>
		<truncated>0</truncated>
		<difficult>0</difficult>
		<bndbox>
			<xmin>125</xmin>
			<ymin>160</ymin>
			<xmax>535</xmax>
			<ymax>685</ymax>
		</bndbox>
	</object>
</annotation>
