<annotation>
	<folder>labelImg</folder>
	<filename>148.jpg</filename>
	<path>D:\labelImg\148.jpg</path>
	<source>
		<database>Unknown</database>
	</source>
	<size>
		<width>1400</width>
		<height>934</height>
		<depth>3</depth>
	</size>
	<segmented>0</segmented>
	<object>
		<name>chair</name>
		<pose>Unspecified</pose>
		<truncated>1</truncated>
		<difficult>0</difficult>
		<bndbox>
			<xmin>793</xmin>
			<ymin>584</ymin>
			<xmax>1229</xmax>
			<ymax>934</ymax>
		</bndbox>
	</object>
</annotation>
