<annotation>
	<folder>labelImg</folder>
	<filename>150.jpg</filename>
	<path>D:\labelImg\150.jpg</path>
	<source>
		<database>Unknown</database>
	</source>
	<size>
		<width>800</width>
		<height>800</height>
		<depth>3</depth>
	</size>
	<segmented>0</segmented>
	<object>
		<name>chair</name>
		<pose>Unspecified</pose>
		<truncated>0</truncated>
		<difficult>0</difficult>
		<bndbox>
			<xmin>434</xmin>
			<ymin>238</ymin>
			<xmax>781</xmax>
			<ymax>725</ymax>
		</bndbox>
	</object>
	<object>
		<name>chair</name>
		<pose>Unspecified</pose>
		<truncated>0</truncated>
		<difficult>0</difficult>
		<bndbox>
			<xmin>12</xmin>
			<ymin>238</ymin>
			<xmax>285</xmax>
			<ymax>618</ymax>
		</bndbox>
	</object>
</annotation>
