<annotation>
	<folder>labelImg</folder>
	<filename>151.jpg</filename>
	<path>D:\labelImg\151.jpg</path>
	<source>
		<database>Unknown</database>
	</source>
	<size>
		<width>1920</width>
		<height>1745</height>
		<depth>3</depth>
	</size>
	<segmented>0</segmented>
	<object>
		<name>chair</name>
		<pose>Unspecified</pose>
		<truncated>0</truncated>
		<difficult>0</difficult>
		<bndbox>
			<xmin>789</xmin>
			<ymin>1019</ymin>
			<xmax>1006</xmax>
			<ymax>1344</ymax>
		</bndbox>
	</object>
	<object>
		<name>chair</name>
		<pose>Unspecified</pose>
		<truncated>1</truncated>
		<difficult>0</difficult>
		<bndbox>
			<xmin>1</xmin>
			<ymin>1295</ymin>
			<xmax>868</xmax>
			<ymax>1745</ymax>
		</bndbox>
	</object>
	<object>
		<name>chair</name>
		<pose>Unspecified</pose>
		<truncated>1</truncated>
		<difficult>0</difficult>
		<bndbox>
			<xmin>1</xmin>
			<ymin>1192</ymin>
			<xmax>334</xmax>
			<ymax>1447</ymax>
		</bndbox>
	</object>
</annotation>
