<annotation>
	<folder>labelImg</folder>
	<filename>152.jpg</filename>
	<path>D:\labelImg\152.jpg</path>
	<source>
		<database>Unknown</database>
	</source>
	<size>
		<width>1600</width>
		<height>847</height>
		<depth>3</depth>
	</size>
	<segmented>0</segmented>
	<object>
		<name>chair</name>
		<pose>Unspecified</pose>
		<truncated>0</truncated>
		<difficult>0</difficult>
		<bndbox>
			<xmin>1149</xmin>
			<ymin>450</ymin>
			<xmax>1512</xmax>
			<ymax>766</ymax>
		</bndbox>
	</object>
</annotation>
