<annotation>
	<folder>labelImg</folder>
	<filename>154.jpg</filename>
	<path>D:\labelImg\154.jpg</path>
	<source>
		<database>Unknown</database>
	</source>
	<size>
		<width>2000</width>
		<height>1289</height>
		<depth>3</depth>
	</size>
	<segmented>0</segmented>
	<object>
		<name>chair</name>
		<pose>Unspecified</pose>
		<truncated>0</truncated>
		<difficult>0</difficult>
		<bndbox>
			<xmin>1113</xmin>
			<ymin>704</ymin>
			<xmax>1640</xmax>
			<ymax>1277</ymax>
		</bndbox>
	</object>
</annotation>
