<annotation>
	<folder>labelImg</folder>
	<filename>155.jpg</filename>
	<path>D:\labelImg\155.jpg</path>
	<source>
		<database>Unknown</database>
	</source>
	<size>
		<width>1449</width>
		<height>1037</height>
		<depth>3</depth>
	</size>
	<segmented>0</segmented>
	<object>
		<name>chair</name>
		<pose>Unspecified</pose>
		<truncated>0</truncated>
		<difficult>0</difficult>
		<bndbox>
			<xmin>121</xmin>
			<ymin>374</ymin>
			<xmax>543</xmax>
			<ymax>945</ymax>
		</bndbox>
	</object>
	<object>
		<name>chair</name>
		<pose>Unspecified</pose>
		<truncated>0</truncated>
		<difficult>0</difficult>
		<bndbox>
			<xmin>867</xmin>
			<ymin>377</ymin>
			<xmax>1267</xmax>
			<ymax>931</ymax>
		</bndbox>
	</object>
</annotation>
