<annotation>
	<folder>labelImg</folder>
	<filename>156.jpg</filename>
	<path>D:\labelImg\156.jpg</path>
	<source>
		<database>Unknown</database>
	</source>
	<size>
		<width>600</width>
		<height>400</height>
		<depth>3</depth>
	</size>
	<segmented>0</segmented>
	<object>
		<name>chair</name>
		<pose>Unspecified</pose>
		<truncated>0</truncated>
		<difficult>0</difficult>
		<bndbox>
			<xmin>90</xmin>
			<ymin>19</ymin>
			<xmax>416</xmax>
			<ymax>379</ymax>
		</bndbox>
	</object>
</annotation>
