<annotation>
	<folder>labelImg</folder>
	<filename>157.jpg</filename>
	<path>D:\labelImg\157.jpg</path>
	<source>
		<database>Unknown</database>
	</source>
	<size>
		<width>600</width>
		<height>400</height>
		<depth>3</depth>
	</size>
	<segmented>0</segmented>
	<object>
		<name>chair</name>
		<pose>Unspecified</pose>
		<truncated>0</truncated>
		<difficult>0</difficult>
		<bndbox>
			<xmin>52</xmin>
			<ymin>57</ymin>
			<xmax>283</xmax>
			<ymax>372</ymax>
		</bndbox>
	</object>
	<object>
		<name>chair</name>
		<pose>Unspecified</pose>
		<truncated>0</truncated>
		<difficult>0</difficult>
		<bndbox>
			<xmin>321</xmin>
			<ymin>61</ymin>
			<xmax>577</xmax>
			<ymax>368</ymax>
		</bndbox>
	</object>
</annotation>
