<annotation>
	<folder>labelImg</folder>
	<filename>158.jpg</filename>
	<path>D:\labelImg\158.jpg</path>
	<source>
		<database>Unknown</database>
	</source>
	<size>
		<width>480</width>
		<height>599</height>
		<depth>3</depth>
	</size>
	<segmented>0</segmented>
	<object>
		<name>chair</name>
		<pose>Unspecified</pose>
		<truncated>0</truncated>
		<difficult>0</difficult>
		<bndbox>
			<xmin>71</xmin>
			<ymin>25</ymin>
			<xmax>423</xmax>
			<ymax>538</ymax>
		</bndbox>
	</object>
</annotation>
