<annotation>
	<folder>labelImg</folder>
	<filename>159.jpg</filename>
	<path>D:\labelImg\159.jpg</path>
	<source>
		<database>Unknown</database>
	</source>
	<size>
		<width>1200</width>
		<height>691</height>
		<depth>3</depth>
	</size>
	<segmented>0</segmented>
	<object>
		<name>chair</name>
		<pose>Unspecified</pose>
		<truncated>1</truncated>
		<difficult>0</difficult>
		<bndbox>
			<xmin>79</xmin>
			<ymin>377</ymin>
			<xmax>288</xmax>
			<ymax>691</ymax>
		</bndbox>
	</object>
</annotation>
