<annotation>
	<folder>labelImg</folder>
	<filename>160.jpg</filename>
	<path>D:\labelImg\160.jpg</path>
	<source>
		<database>Unknown</database>
	</source>
	<size>
		<width>600</width>
		<height>792</height>
		<depth>3</depth>
	</size>
	<segmented>0</segmented>
	<object>
		<name>chair</name>
		<pose>Unspecified</pose>
		<truncated>0</truncated>
		<difficult>0</difficult>
		<bndbox>
			<xmin>239</xmin>
			<ymin>515</ymin>
			<xmax>436</xmax>
			<ymax>738</ymax>
		</bndbox>
	</object>
</annotation>
