<annotation>
	<folder>labelImg</folder>
	<filename>162.jpg</filename>
	<path>D:\labelImg\162.jpg</path>
	<source>
		<database>Unknown</database>
	</source>
	<size>
		<width>2048</width>
		<height>1417</height>
		<depth>3</depth>
	</size>
	<segmented>0</segmented>
	<object>
		<name>chair</name>
		<pose>Unspecified</pose>
		<truncated>0</truncated>
		<difficult>0</difficult>
		<bndbox>
			<xmin>1068</xmin>
			<ymin>783</ymin>
			<xmax>1493</xmax>
			<ymax>1368</ymax>
		</bndbox>
	</object>
	<object>
		<name>chair</name>
		<pose>Unspecified</pose>
		<truncated>1</truncated>
		<difficult>0</difficult>
		<bndbox>
			<xmin>1580</xmin>
			<ymin>800</ymin>
			<xmax>2048</xmax>
			<ymax>1417</ymax>
		</bndbox>
	</object>
	<object>
		<name>chair</name>
		<pose>Unspecified</pose>
		<truncated>0</truncated>
		<difficult>0</difficult>
		<bndbox>
			<xmin>416</xmin>
			<ymin>779</ymin>
			<xmax>957</xmax>
			<ymax>1313</ymax>
		</bndbox>
	</object>
</annotation>
