<annotation>
	<folder>labelImg</folder>
	<filename>163.jpg</filename>
	<path>D:\labelImg\163.jpg</path>
	<source>
		<database>Unknown</database>
	</source>
	<size>
		<width>298</width>
		<height>298</height>
		<depth>3</depth>
	</size>
	<segmented>0</segmented>
	<object>
		<name>chair</name>
		<pose>Unspecified</pose>
		<truncated>0</truncated>
		<difficult>0</difficult>
		<bndbox>
			<xmin>63</xmin>
			<ymin>32</ymin>
			<xmax>237</xmax>
			<ymax>267</ymax>
		</bndbox>
	</object>
</annotation>
