<annotation>
	<folder>labelImg</folder>
	<filename>164.jpg</filename>
	<path>D:\labelImg\164.jpg</path>
	<source>
		<database>Unknown</database>
	</source>
	<size>
		<width>300</width>
		<height>256</height>
		<depth>3</depth>
	</size>
	<segmented>0</segmented>
	<object>
		<name>chair</name>
		<pose>Unspecified</pose>
		<truncated>0</truncated>
		<difficult>0</difficult>
		<bndbox>
			<xmin>69</xmin>
			<ymin>27</ymin>
			<xmax>233</xmax>
			<ymax>245</ymax>
		</bndbox>
	</object>
</annotation>
