<annotation>
	<folder>labelImg</folder>
	<filename>166.jpg</filename>
	<path>D:\labelImg\166.jpg</path>
	<source>
		<database>Unknown</database>
	</source>
	<size>
		<width>700</width>
		<height>467</height>
		<depth>3</depth>
	</size>
	<segmented>0</segmented>
	<object>
		<name>chair</name>
		<pose>Unspecified</pose>
		<truncated>0</truncated>
		<difficult>0</difficult>
		<bndbox>
			<xmin>80</xmin>
			<ymin>250</ymin>
			<xmax>250</xmax>
			<ymax>436</ymax>
		</bndbox>
	</object>
</annotation>
