<annotation>
	<folder>labelImg</folder>
	<filename>167.jpg</filename>
	<path>D:\labelImg\167.jpg</path>
	<source>
		<database>Unknown</database>
	</source>
	<size>
		<width>600</width>
		<height>780</height>
		<depth>3</depth>
	</size>
	<segmented>0</segmented>
	<object>
		<name>chair</name>
		<pose>Unspecified</pose>
		<truncated>0</truncated>
		<difficult>0</difficult>
		<bndbox>
			<xmin>185</xmin>
			<ymin>333</ymin>
			<xmax>419</xmax>
			<ymax>724</ymax>
		</bndbox>
	</object>
</annotation>
