<annotation>
	<folder>labelImg</folder>
	<filename>169.jpg</filename>
	<path>D:\labelImg\169.jpg</path>
	<source>
		<database>Unknown</database>
	</source>
	<size>
		<width>1552</width>
		<height>1164</height>
		<depth>3</depth>
	</size>
	<segmented>0</segmented>
	<object>
		<name>chair</name>
		<pose>Unspecified</pose>
		<truncated>0</truncated>
		<difficult>0</difficult>
		<bndbox>
			<xmin>1052</xmin>
			<ymin>393</ymin>
			<xmax>1346</xmax>
			<ymax>707</ymax>
		</bndbox>
	</object>
	<object>
		<name>chair</name>
		<pose>Unspecified</pose>
		<truncated>1</truncated>
		<difficult>0</difficult>
		<bndbox>
			<xmin>1101</xmin>
			<ymin>586</ymin>
			<xmax>1552</xmax>
			<ymax>1108</ymax>
		</bndbox>
	</object>
</annotation>
