<annotation>
	<folder>labelImg</folder>
	<filename>170.jpg</filename>
	<path>D:\labelImg\170.jpg</path>
	<source>
		<database>Unknown</database>
	</source>
	<size>
		<width>1200</width>
		<height>900</height>
		<depth>3</depth>
	</size>
	<segmented>0</segmented>
	<object>
		<name>chair</name>
		<pose>Unspecified</pose>
		<truncated>1</truncated>
		<difficult>0</difficult>
		<bndbox>
			<xmin>356</xmin>
			<ymin>1</ymin>
			<xmax>1039</xmax>
			<ymax>900</ymax>
		</bndbox>
	</object>
</annotation>
