<annotation>
	<folder>labelImg</folder>
	<filename>172.jpg</filename>
	<path>D:\labelImg\172.jpg</path>
	<source>
		<database>Unknown</database>
	</source>
	<size>
		<width>618</width>
		<height>618</height>
		<depth>3</depth>
	</size>
	<segmented>0</segmented>
	<object>
		<name>chair</name>
		<pose>Unspecified</pose>
		<truncated>1</truncated>
		<difficult>0</difficult>
		<bndbox>
			<xmin>361</xmin>
			<ymin>76</ymin>
			<xmax>618</xmax>
			<ymax>389</ymax>
		</bndbox>
	</object>
</annotation>
