<annotation>
	<folder>labelImg</folder>
	<filename>173.jpg</filename>
	<path>D:\labelImg\173.jpg</path>
	<source>
		<database>Unknown</database>
	</source>
	<size>
		<width>800</width>
		<height>800</height>
		<depth>3</depth>
	</size>
	<segmented>0</segmented>
	<object>
		<name>chair</name>
		<pose>Unspecified</pose>
		<truncated>0</truncated>
		<difficult>0</difficult>
		<bndbox>
			<xmin>38</xmin>
			<ymin>115</ymin>
			<xmax>389</xmax>
			<ymax>740</ymax>
		</bndbox>
	</object>
	<object>
		<name>chair</name>
		<pose>Unspecified</pose>
		<truncated>0</truncated>
		<difficult>0</difficult>
		<bndbox>
			<xmin>442</xmin>
			<ymin>119</ymin>
			<xmax>751</xmax>
			<ymax>657</ymax>
		</bndbox>
	</object>
</annotation>
