<annotation>
	<folder>labelImg</folder>
	<filename>174.jpg</filename>
	<path>D:\labelImg\174.jpg</path>
	<source>
		<database>Unknown</database>
	</source>
	<size>
		<width>638</width>
		<height>850</height>
		<depth>3</depth>
	</size>
	<segmented>0</segmented>
	<object>
		<name>chair</name>
		<pose>Unspecified</pose>
		<truncated>0</truncated>
		<difficult>0</difficult>
		<bndbox>
			<xmin>111</xmin>
			<ymin>53</ymin>
			<xmax>570</xmax>
			<ymax>830</ymax>
		</bndbox>
	</object>
	<object>
		<name>chair</name>
		<pose>Unspecified</pose>
		<truncated>1</truncated>
		<difficult>0</difficult>
		<bndbox>
			<xmin>506</xmin>
			<ymin>48</ymin>
			<xmax>638</xmax>
			<ymax>573</ymax>
		</bndbox>
	</object>
</annotation>
