<annotation>
	<folder>labelImg</folder>
	<filename>175.jpg</filename>
	<path>D:\labelImg\175.jpg</path>
	<source>
		<database>Unknown</database>
	</source>
	<size>
		<width>579</width>
		<height>408</height>
		<depth>3</depth>
	</size>
	<segmented>0</segmented>
	<object>
		<name>chair</name>
		<pose>Unspecified</pose>
		<truncated>0</truncated>
		<difficult>0</difficult>
		<bndbox>
			<xmin>63</xmin>
			<ymin>120</ymin>
			<xmax>209</xmax>
			<ymax>354</ymax>
		</bndbox>
	</object>
	<object>
		<name>chair</name>
		<pose>Unspecified</pose>
		<truncated>0</truncated>
		<difficult>0</difficult>
		<bndbox>
			<xmin>194</xmin>
			<ymin>116</ymin>
			<xmax>300</xmax>
			<ymax>302</ymax>
		</bndbox>
	</object>
	<object>
		<name>chair</name>
		<pose>Unspecified</pose>
		<truncated>0</truncated>
		<difficult>0</difficult>
		<bndbox>
			<xmin>285</xmin>
			<ymin>120</ymin>
			<xmax>451</xmax>
			<ymax>373</ymax>
		</bndbox>
	</object>
	<object>
		<name>chair</name>
		<pose>Unspecified</pose>
		<truncated>0</truncated>
		<difficult>0</difficult>
		<bndbox>
			<xmin>406</xmin>
			<ymin>116</ymin>
			<xmax>517</xmax>
			<ymax>336</ymax>
		</bndbox>
	</object>
</annotation>
