<annotation>
	<folder>labelImg</folder>
	<filename>176.jpg</filename>
	<path>D:\labelImg\176.jpg</path>
	<source>
		<database>Unknown</database>
	</source>
	<size>
		<width>454</width>
		<height>500</height>
		<depth>3</depth>
	</size>
	<segmented>0</segmented>
	<object>
		<name>chair</name>
		<pose>Unspecified</pose>
		<truncated>0</truncated>
		<difficult>0</difficult>
		<bndbox>
			<xmin>16</xmin>
			<ymin>138</ymin>
			<xmax>224</xmax>
			<ymax>465</ymax>
		</bndbox>
	</object>
	<object>
		<name>chair</name>
		<pose>Unspecified</pose>
		<truncated>0</truncated>
		<difficult>0</difficult>
		<bndbox>
			<xmin>272</xmin>
			<ymin>139</ymin>
			<xmax>438</xmax>
			<ymax>451</ymax>
		</bndbox>
	</object>
</annotation>
