<annotation>
	<folder>labelImg</folder>
	<filename>177.jpg</filename>
	<path>D:\labelImg\177.jpg</path>
	<source>
		<database>Unknown</database>
	</source>
	<size>
		<width>579</width>
		<height>408</height>
		<depth>3</depth>
	</size>
	<segmented>0</segmented>
	<object>
		<name>chair</name>
		<pose>Unspecified</pose>
		<truncated>0</truncated>
		<difficult>0</difficult>
		<bndbox>
			<xmin>72</xmin>
			<ymin>164</ymin>
			<xmax>206</xmax>
			<ymax>366</ymax>
		</bndbox>
	</object>
	<object>
		<name>chair</name>
		<pose>Unspecified</pose>
		<truncated>0</truncated>
		<difficult>0</difficult>
		<bndbox>
			<xmin>210</xmin>
			<ymin>163</ymin>
			<xmax>316</xmax>
			<ymax>320</ymax>
		</bndbox>
	</object>
	<object>
		<name>chair</name>
		<pose>Unspecified</pose>
		<truncated>0</truncated>
		<difficult>0</difficult>
		<bndbox>
			<xmin>329</xmin>
			<ymin>161</ymin>
			<xmax>461</xmax>
			<ymax>369</ymax>
		</bndbox>
	</object>
	<object>
		<name>chair</name>
		<pose>Unspecified</pose>
		<truncated>0</truncated>
		<difficult>0</difficult>
		<bndbox>
			<xmin>441</xmin>
			<ymin>161</ymin>
			<xmax>529</xmax>
			<ymax>319</ymax>
		</bndbox>
	</object>
</annotation>
