<annotation>
	<folder>labelImg</folder>
	<filename>178.jpg</filename>
	<path>D:\labelImg\178.jpg</path>
	<source>
		<database>Unknown</database>
	</source>
	<size>
		<width>1280</width>
		<height>500</height>
		<depth>3</depth>
	</size>
	<segmented>0</segmented>
	<object>
		<name>chair</name>
		<pose>Unspecified</pose>
		<truncated>0</truncated>
		<difficult>0</difficult>
		<bndbox>
			<xmin>494</xmin>
			<ymin>238</ymin>
			<xmax>619</xmax>
			<ymax>442</ymax>
		</bndbox>
	</object>
</annotation>
