<annotation>
	<folder>labelImg</folder>
	<filename>179.jpg</filename>
	<path>D:\labelImg\179.jpg</path>
	<source>
		<database>Unknown</database>
	</source>
	<size>
		<width>800</width>
		<height>600</height>
		<depth>3</depth>
	</size>
	<segmented>0</segmented>
	<object>
		<name>chair</name>
		<pose>Unspecified</pose>
		<truncated>0</truncated>
		<difficult>0</difficult>
		<bndbox>
			<xmin>282</xmin>
			<ymin>395</ymin>
			<xmax>407</xmax>
			<ymax>534</ymax>
		</bndbox>
	</object>
	<object>
		<name>chair</name>
		<pose>Unspecified</pose>
		<truncated>1</truncated>
		<difficult>0</difficult>
		<bndbox>
			<xmin>1</xmin>
			<ymin>411</ymin>
			<xmax>178</xmax>
			<ymax>598</ymax>
		</bndbox>
	</object>
</annotation>
