<annotation>
	<folder>labelImg</folder>
	<filename>181.jpg</filename>
	<path>D:\labelImg\181.jpg</path>
	<source>
		<database>Unknown</database>
	</source>
	<size>
		<width>770</width>
		<height>513</height>
		<depth>3</depth>
	</size>
	<segmented>0</segmented>
	<object>
		<name>chair</name>
		<pose>Unspecified</pose>
		<truncated>0</truncated>
		<difficult>0</difficult>
		<bndbox>
			<xmin>239</xmin>
			<ymin>295</ymin>
			<xmax>307</xmax>
			<ymax>419</ymax>
		</bndbox>
	</object>
	<object>
		<name>chair</name>
		<pose>Unspecified</pose>
		<truncated>0</truncated>
		<difficult>0</difficult>
		<bndbox>
			<xmin>484</xmin>
			<ymin>278</ymin>
			<xmax>605</xmax>
			<ymax>345</ymax>
		</bndbox>
	</object>
</annotation>
