<annotation>
	<folder>labelImg</folder>
	<filename>182.jpg</filename>
	<path>D:\labelImg\182.jpg</path>
	<source>
		<database>Unknown</database>
	</source>
	<size>
		<width>770</width>
		<height>513</height>
		<depth>3</depth>
	</size>
	<segmented>0</segmented>
	<object>
		<name>chair</name>
		<pose>Unspecified</pose>
		<truncated>0</truncated>
		<difficult>0</difficult>
		<bndbox>
			<xmin>542</xmin>
			<ymin>268</ymin>
			<xmax>661</xmax>
			<ymax>419</ymax>
		</bndbox>
	</object>
</annotation>
