<annotation>
	<folder>labelImg</folder>
	<filename>183.png</filename>
	<path>D:\labelImg\183.png</path>
	<source>
		<database>Unknown</database>
	</source>
	<size>
		<width>1260</width>
		<height>1268</height>
		<depth>3</depth>
	</size>
	<segmented>0</segmented>
	<object>
		<name>chair</name>
		<pose>Unspecified</pose>
		<truncated>0</truncated>
		<difficult>0</difficult>
		<bndbox>
			<xmin>278</xmin>
			<ymin>40</ymin>
			<xmax>1006</xmax>
			<ymax>1218</ymax>
		</bndbox>
	</object>
</annotation>
