<annotation>
	<folder>labelImg</folder>
	<filename>184.jpg</filename>
	<path>D:\labelImg\184.jpg</path>
	<source>
		<database>Unknown</database>
	</source>
	<size>
		<width>406</width>
		<height>508</height>
		<depth>3</depth>
	</size>
	<segmented>0</segmented>
	<object>
		<name>chair</name>
		<pose>Unspecified</pose>
		<truncated>0</truncated>
		<difficult>0</difficult>
		<bndbox>
			<xmin>47</xmin>
			<ymin>54</ymin>
			<xmax>384</xmax>
			<ymax>501</ymax>
		</bndbox>
	</object>
</annotation>
