<annotation>
	<folder>labelImg</folder>
	<filename>185.jpg</filename>
	<path>D:\labelImg\185.jpg</path>
	<source>
		<database>Unknown</database>
	</source>
	<size>
		<width>438</width>
		<height>546</height>
		<depth>3</depth>
	</size>
	<segmented>0</segmented>
	<object>
		<name>chair</name>
		<pose>Unspecified</pose>
		<truncated>0</truncated>
		<difficult>0</difficult>
		<bndbox>
			<xmin>13</xmin>
			<ymin>91</ymin>
			<xmax>424</xmax>
			<ymax>539</ymax>
		</bndbox>
	</object>
</annotation>
