<annotation>
	<folder>labelImg</folder>
	<filename>186.jpg</filename>
	<path>D:\labelImg\186.jpg</path>
	<source>
		<database>Unknown</database>
	</source>
	<size>
		<width>464</width>
		<height>580</height>
		<depth>3</depth>
	</size>
	<segmented>0</segmented>
	<object>
		<name>chair</name>
		<pose>Unspecified</pose>
		<truncated>0</truncated>
		<difficult>0</difficult>
		<bndbox>
			<xmin>57</xmin>
			<ymin>58</ymin>
			<xmax>391</xmax>
			<ymax>547</ymax>
		</bndbox>
	</object>
</annotation>
