<annotation>
	<folder>labelImg</folder>
	<filename>187.png</filename>
	<path>D:\labelImg\187.png</path>
	<source>
		<database>Unknown</database>
	</source>
	<size>
		<width>1226</width>
		<height>1228</height>
		<depth>3</depth>
	</size>
	<segmented>0</segmented>
	<object>
		<name>chair</name>
		<pose>Unspecified</pose>
		<truncated>0</truncated>
		<difficult>0</difficult>
		<bndbox>
			<xmin>332</xmin>
			<ymin>314</ymin>
			<xmax>1113</xmax>
			<ymax>1127</ymax>
		</bndbox>
	</object>
</annotation>
