<annotation>
	<folder>labelImg</folder>
	<filename>189.jpg</filename>
	<path>D:\labelImg\189.jpg</path>
	<source>
		<database>Unknown</database>
	</source>
	<size>
		<width>600</width>
		<height>375</height>
		<depth>3</depth>
	</size>
	<segmented>0</segmented>
	<object>
		<name>chair</name>
		<pose>Unspecified</pose>
		<truncated>0</truncated>
		<difficult>0</difficult>
		<bndbox>
			<xmin>391</xmin>
			<ymin>235</ymin>
			<xmax>475</xmax>
			<ymax>316</ymax>
		</bndbox>
	</object>
</annotation>
