<annotation>
	<folder>labelImg</folder>
	<filename>190.jpg</filename>
	<path>D:\labelImg\190.jpg</path>
	<source>
		<database>Unknown</database>
	</source>
	<size>
		<width>640</width>
		<height>637</height>
		<depth>3</depth>
	</size>
	<segmented>0</segmented>
	<object>
		<name>chair</name>
		<pose>Unspecified</pose>
		<truncated>0</truncated>
		<difficult>0</difficult>
		<bndbox>
			<xmin>133</xmin>
			<ymin>153</ymin>
			<xmax>470</xmax>
			<ymax>551</ymax>
		</bndbox>
	</object>
</annotation>
