<annotation>
	<folder>labelImg</folder>
	<filename>191.jpg</filename>
	<path>D:\labelImg\191.jpg</path>
	<source>
		<database>Unknown</database>
	</source>
	<size>
		<width>1024</width>
		<height>683</height>
		<depth>3</depth>
	</size>
	<segmented>0</segmented>
	<object>
		<name>chair</name>
		<pose>Unspecified</pose>
		<truncated>0</truncated>
		<difficult>0</difficult>
		<bndbox>
			<xmin>224</xmin>
			<ymin>323</ymin>
			<xmax>413</xmax>
			<ymax>559</ymax>
		</bndbox>
	</object>
</annotation>
