<annotation>
	<folder>labelImg</folder>
	<filename>192.jpg</filename>
	<path>D:\labelImg\192.jpg</path>
	<source>
		<database>Unknown</database>
	</source>
	<size>
		<width>531</width>
		<height>326</height>
		<depth>3</depth>
	</size>
	<segmented>0</segmented>
	<object>
		<name>chair</name>
		<pose>Unspecified</pose>
		<truncated>0</truncated>
		<difficult>0</difficult>
		<bndbox>
			<xmin>84</xmin>
			<ymin>69</ymin>
			<xmax>223</xmax>
			<ymax>279</ymax>
		</bndbox>
	</object>
	<object>
		<name>chair</name>
		<pose>Unspecified</pose>
		<truncated>0</truncated>
		<difficult>0</difficult>
		<bndbox>
			<xmin>280</xmin>
			<ymin>79</ymin>
			<xmax>423</xmax>
			<ymax>301</ymax>
		</bndbox>
	</object>
</annotation>
