<annotation>
	<folder>labelImg</folder>
	<filename>194.jpg</filename>
	<path>D:\labelImg\194.jpg</path>
	<source>
		<database>Unknown</database>
	</source>
	<size>
		<width>720</width>
		<height>817</height>
		<depth>3</depth>
	</size>
	<segmented>0</segmented>
	<object>
		<name>chair</name>
		<pose>Unspecified</pose>
		<truncated>0</truncated>
		<difficult>0</difficult>
		<bndbox>
			<xmin>103</xmin>
			<ymin>166</ymin>
			<xmax>598</xmax>
			<ymax>789</ymax>
		</bndbox>
	</object>
</annotation>
