<annotation>
	<folder>labelImg</folder>
	<filename>195.jpg</filename>
	<path>D:\labelImg\195.jpg</path>
	<source>
		<database>Unknown</database>
	</source>
	<size>
		<width>640</width>
		<height>426</height>
		<depth>3</depth>
	</size>
	<segmented>0</segmented>
	<object>
		<name>chair</name>
		<pose>Unspecified</pose>
		<truncated>0</truncated>
		<difficult>0</difficult>
		<bndbox>
			<xmin>31</xmin>
			<ymin>220</ymin>
			<xmax>170</xmax>
			<ymax>386</ymax>
		</bndbox>
	</object>
	<object>
		<name>chair</name>
		<pose>Unspecified</pose>
		<truncated>0</truncated>
		<difficult>0</difficult>
		<bndbox>
			<xmin>177</xmin>
			<ymin>215</ymin>
			<xmax>277</xmax>
			<ymax>336</ymax>
		</bndbox>
	</object>
</annotation>
