<annotation>
	<folder>labelImg</folder>
	<filename>196.jpg</filename>
	<path>D:\labelImg\196.jpg</path>
	<source>
		<database>Unknown</database>
	</source>
	<size>
		<width>800</width>
		<height>800</height>
		<depth>3</depth>
	</size>
	<segmented>0</segmented>
	<object>
		<name>chair</name>
		<pose>Unspecified</pose>
		<truncated>0</truncated>
		<difficult>0</difficult>
		<bndbox>
			<xmin>171</xmin>
			<ymin>89</ymin>
			<xmax>615</xmax>
			<ymax>766</ymax>
		</bndbox>
	</object>
</annotation>
