<annotation>
	<folder>labelImg</folder>
	<filename>197.jpg</filename>
	<path>D:\labelImg\197.jpg</path>
	<source>
		<database>Unknown</database>
	</source>
	<size>
		<width>1336</width>
		<height>751</height>
		<depth>3</depth>
	</size>
	<segmented>0</segmented>
	<object>
		<name>chair</name>
		<pose>Unspecified</pose>
		<truncated>0</truncated>
		<difficult>0</difficult>
		<bndbox>
			<xmin>152</xmin>
			<ymin>413</ymin>
			<xmax>379</xmax>
			<ymax>625</ymax>
		</bndbox>
	</object>
	<object>
		<name>chair</name>
		<pose>Unspecified</pose>
		<truncated>1</truncated>
		<difficult>0</difficult>
		<bndbox>
			<xmin>1158</xmin>
			<ymin>587</ymin>
			<xmax>1336</xmax>
			<ymax>751</ymax>
		</bndbox>
	</object>
</annotation>
