<annotation>
	<folder>labelImg</folder>
	<filename>198.jpg</filename>
	<path>D:\labelImg\198.jpg</path>
	<source>
		<database>Unknown</database>
	</source>
	<size>
		<width>1000</width>
		<height>1130</height>
		<depth>3</depth>
	</size>
	<segmented>0</segmented>
	<object>
		<name>chair</name>
		<pose>Unspecified</pose>
		<truncated>0</truncated>
		<difficult>0</difficult>
		<bndbox>
			<xmin>161</xmin>
			<ymin>83</ymin>
			<xmax>791</xmax>
			<ymax>1073</ymax>
		</bndbox>
	</object>
</annotation>
