<annotation>
	<folder>labelImg</folder>
	<filename>199.jpg</filename>
	<path>D:\labelImg\199.jpg</path>
	<source>
		<database>Unknown</database>
	</source>
	<size>
		<width>3959</width>
		<height>2641</height>
		<depth>3</depth>
	</size>
	<segmented>0</segmented>
	<object>
		<name>chair</name>
		<pose>Unspecified</pose>
		<truncated>0</truncated>
		<difficult>0</difficult>
		<bndbox>
			<xmin>832</xmin>
			<ymin>828</ymin>
			<xmax>2278</xmax>
			<ymax>2228</ymax>
		</bndbox>
	</object>
</annotation>
