<annotation>
	<folder>labelImg</folder>
	<filename>200.jpg</filename>
	<path>D:\labelImg\200.jpg</path>
	<source>
		<database>Unknown</database>
	</source>
	<size>
		<width>1000</width>
		<height>1000</height>
		<depth>3</depth>
	</size>
	<segmented>0</segmented>
	<object>
		<name>chair</name>
		<pose>Unspecified</pose>
		<truncated>0</truncated>
		<difficult>0</difficult>
		<bndbox>
			<xmin>142</xmin>
			<ymin>58</ymin>
			<xmax>863</xmax>
			<ymax>969</ymax>
		</bndbox>
	</object>
</annotation>
