<annotation>
	<folder>labelImg</folder>
	<filename>201.jpg</filename>
	<path>D:\labelImg\201.jpg</path>
	<source>
		<database>Unknown</database>
	</source>
	<size>
		<width>4000</width>
		<height>2400</height>
		<depth>3</depth>
	</size>
	<segmented>0</segmented>
	<object>
		<name>chair</name>
		<pose>Unspecified</pose>
		<truncated>1</truncated>
		<difficult>0</difficult>
		<bndbox>
			<xmin>261</xmin>
			<ymin>1</ymin>
			<xmax>2132</xmax>
			<ymax>2399</ymax>
		</bndbox>
	</object>
	<object>
		<name>chair</name>
		<pose>Unspecified</pose>
		<truncated>0</truncated>
		<difficult>0</difficult>
		<bndbox>
			<xmin>1840</xmin>
			<ymin>2</ymin>
			<xmax>3706</xmax>
			<ymax>2083</ymax>
		</bndbox>
	</object>
</annotation>
