<annotation>
	<folder>labelImg</folder>
	<filename>205.jpg</filename>
	<path>D:\labelImg\205.jpg</path>
	<source>
		<database>Unknown</database>
	</source>
	<size>
		<width>1500</width>
		<height>1500</height>
		<depth>3</depth>
	</size>
	<segmented>0</segmented>
	<object>
		<name>chair</name>
		<pose>Unspecified</pose>
		<truncated>0</truncated>
		<difficult>0</difficult>
		<bndbox>
			<xmin>479</xmin>
			<ymin>221</ymin>
			<xmax>1227</xmax>
			<ymax>1451</ymax>
		</bndbox>
	</object>
</annotation>
