<annotation>
	<folder>labelImg</folder>
	<filename>206.jpg</filename>
	<path>D:\labelImg\206.jpg</path>
	<source>
		<database>Unknown</database>
	</source>
	<size>
		<width>1000</width>
		<height>563</height>
		<depth>3</depth>
	</size>
	<segmented>0</segmented>
	<object>
		<name>chair</name>
		<pose>Unspecified</pose>
		<truncated>0</truncated>
		<difficult>0</difficult>
		<bndbox>
			<xmin>547</xmin>
			<ymin>67</ymin>
			<xmax>792</xmax>
			<ymax>556</ymax>
		</bndbox>
	</object>
</annotation>
