<annotation verified="yes">
	<folder>bed</folder>
	<filename>00000186.jpg</filename>
	<path>D:\OneDrive\Documents\kouluS2021\tekoälyy\imagedataset\image_dataset\furniture-images\img\train\bed\00000186.jpg</path>
	<source>
		<database>Unknown</database>
	</source>
	<size>
		<width>218</width>
		<height>195</height>
		<depth>3</depth>
	</size>
	<segmented>0</segmented>
	<object>
		<name>bed</name>
		<pose>Unspecified</pose>
		<truncated>1</truncated>
		<difficult>0</difficult>
		<bndbox>
			<xmin>13</xmin>
			<ymin>13</ymin>
			<xmax>198</xmax>
			<ymax>195</ymax>
		</bndbox>
	</object>
</annotation>
