<annotation>
	<folder>bed</folder>
	<filename>00000411.jpg</filename>
	<path>D:\OneDrive\Documents\kouluS2021\tekoälyy\imagedataset\image_dataset\furniture-images\img\train\bed\00000411.jpg</path>
	<source>
		<database>Unknown</database>
	</source>
	<size>
		<width>418</width>
		<height>299</height>
		<depth>3</depth>
	</size>
	<segmented>0</segmented>
	<object>
		<name>bed</name>
		<pose>Unspecified</pose>
		<truncated>0</truncated>
		<difficult>0</difficult>
		<bndbox>
			<xmin>22</xmin>
			<ymin>41</ymin>
			<xmax>374</xmax>
			<ymax>280</ymax>
		</bndbox>
	</object>
</annotation>
