<annotation verified="yes">
	<folder>bed</folder>
	<filename>00000328.jpg</filename>
	<path>D:\OneDrive\Documents\kouluS2021\tekoälyy\imagedataset\image_dataset\furniture-images\img\train\bed\00000328.jpg</path>
	<source>
		<database>Unknown</database>
	</source>
	<size>
		<width>368</width>
		<height>300</height>
		<depth>3</depth>
	</size>
	<segmented>0</segmented>
	<object>
		<name>bed</name>
		<pose>Unspecified</pose>
		<truncated>1</truncated>
		<difficult>0</difficult>
		<bndbox>
			<xmin>188</xmin>
			<ymin>92</ymin>
			<xmax>368</xmax>
			<ymax>297</ymax>
		</bndbox>
	</object>
	<object>
		<name>bed</name>
		<pose>Unspecified</pose>
		<truncated>0</truncated>
		<difficult>0</difficult>
		<bndbox>
			<xmin>2</xmin>
			<ymin>42</ymin>
			<xmax>284</xmax>
			<ymax>275</ymax>
		</bndbox>
	</object>
</annotation>
