<annotation verified="yes">
	<folder>bed</folder>
	<filename>00000185.jpg</filename>
	<path>D:\OneDrive\Documents\kouluS2021\tekoälyy\imagedataset\image_dataset\furniture-images\img\train\bed\00000185.jpg</path>
	<source>
		<database>Unknown</database>
	</source>
	<size>
		<width>201</width>
		<height>148</height>
		<depth>3</depth>
	</size>
	<segmented>0</segmented>
	<object>
		<name>bed</name>
		<pose>Unspecified</pose>
		<truncated>0</truncated>
		<difficult>0</difficult>
		<bndbox>
			<xmin>21</xmin>
			<ymin>13</ymin>
			<xmax>189</xmax>
			<ymax>140</ymax>
		</bndbox>
	</object>
	<object>
		<name>bed</name>
		<pose>Unspecified</pose>
		<truncated>1</truncated>
		<difficult>0</difficult>
		<bndbox>
			<xmin>129</xmin>
			<ymin>78</ymin>
			<xmax>201</xmax>
			<ymax>146</ymax>
		</bndbox>
	</object>
</annotation>
