<annotation verified="yes">
	<folder>bed</folder>
	<filename>00000180.jpg</filename>
	<path>D:\OneDrive\Documents\kouluS2021\tekoälyy\imagedataset\image_dataset\furniture-images\img\train\bed\00000180.jpg</path>
	<source>
		<database>Unknown</database>
	</source>
	<size>
		<width>380</width>
		<height>337</height>
		<depth>3</depth>
	</size>
	<segmented>0</segmented>
	<object>
		<name>bed</name>
		<pose>Unspecified</pose>
		<truncated>1</truncated>
		<difficult>0</difficult>
		<bndbox>
			<xmin>30</xmin>
			<ymin>28</ymin>
			<xmax>380</xmax>
			<ymax>337</ymax>
		</bndbox>
	</object>
	<object>
		<name>bed</name>
		<pose>Unspecified</pose>
		<truncated>1</truncated>
		<difficult>0</difficult>
		<bndbox>
			<xmin>1</xmin>
			<ymin>10</ymin>
			<xmax>138</xmax>
			<ymax>178</ymax>
		</bndbox>
	</object>
</annotation>
