<annotation verified="yes">
	<folder>bed</folder>
	<filename>00000211.jpg</filename>
	<path>D:\OneDrive\Documents\kouluS2021\tekoälyy\imagedataset\image_dataset\furniture-images\img\train\bed\00000211.jpg</path>
	<source>
		<database>Unknown</database>
	</source>
	<size>
		<width>500</width>
		<height>375</height>
		<depth>3</depth>
	</size>
	<segmented>0</segmented>
	<object>
		<name>bed</name>
		<pose>Unspecified</pose>
		<truncated>1</truncated>
		<difficult>0</difficult>
		<bndbox>
			<xmin>2</xmin>
			<ymin>40</ymin>
			<xmax>482</xmax>
			<ymax>375</ymax>
		</bndbox>
	</object>
</annotation>
