<annotation>
	<folder>imagedataset</folder>
	<filename>bed16.jpeg</filename>
	<path>D:\OneDrive\Documents\kouluS2021\tekoälyy\imagedataset\bed16.jpeg</path>
	<source>
		<database>Unknown</database>
	</source>
	<size>
		<width>768</width>
		<height>624</height>
		<depth>3</depth>
	</size>
	<segmented>0</segmented>
	<object>
		<name>bed</name>
		<pose>Unspecified</pose>
		<truncated>1</truncated>
		<difficult>0</difficult>
		<bndbox>
			<xmin>538</xmin>
			<ymin>349</ymin>
			<xmax>768</xmax>
			<ymax>624</ymax>
		</bndbox>
	</object>
</annotation>
