<annotation>
	<folder>imagedataset</folder>
	<filename>bed26.webp</filename>
	<path>D:\OneDrive\Documents\kouluS2021\tekoälyy\imagedataset\bed26.webp</path>
	<source>
		<database>Unknown</database>
	</source>
	<size>
		<width>480</width>
		<height>640</height>
		<depth>3</depth>
	</size>
	<segmented>0</segmented>
	<object>
		<name>bed</name>
		<pose>Unspecified</pose>
		<truncated>1</truncated>
		<difficult>0</difficult>
		<bndbox>
			<xmin>17</xmin>
			<ymin>324</ymin>
			<xmax>313</xmax>
			<ymax>640</ymax>
		</bndbox>
	</object>
	<object>
		<name>bed</name>
		<pose>Unspecified</pose>
		<truncated>0</truncated>
		<difficult>0</difficult>
		<bndbox>
			<xmin>137</xmin>
			<ymin>314</ymin>
			<xmax>346</xmax>
			<ymax>460</ymax>
		</bndbox>
	</object>
</annotation>
