<annotation verified="yes">
	<folder>imagedataset</folder>
	<filename>bed6.jpg</filename>
	<path>D:\OneDrive\Documents\kouluS2021\tekoälyy\imagedataset\bed6.jpg</path>
	<source>
		<database>Unknown</database>
	</source>
	<size>
		<width>194</width>
		<height>259</height>
		<depth>3</depth>
	</size>
	<segmented>0</segmented>
	<object>
		<name>bed</name>
		<pose>Unspecified</pose>
		<truncated>0</truncated>
		<difficult>0</difficult>
		<bndbox>
			<xmin>98</xmin>
			<ymin>104</ymin>
			<xmax>155</xmax>
			<ymax>191</ymax>
		</bndbox>
	</object>
</annotation>
