<annotation>
	<folder>imagedataset</folder>
	<filename>bed9.JPG</filename>
	<path>D:\OneDrive\Documents\kouluS2021\tekoälyy\imagedataset\bed9.JPG</path>
	<source>
		<database>Unknown</database>
	</source>
	<size>
		<width>1200</width>
		<height>800</height>
		<depth>3</depth>
	</size>
	<segmented>0</segmented>
	<object>
		<name>bed</name>
		<pose>Unspecified</pose>
		<truncated>0</truncated>
		<difficult>0</difficult>
		<bndbox>
			<xmin>280</xmin>
			<ymin>362</ymin>
			<xmax>616</xmax>
			<ymax>629</ymax>
		</bndbox>
	</object>
</annotation>
