<annotation>
	<folder>Bedroom</folder>
	<filename>bed_472.jpg</filename>
	<path>D:\OneDrive\Documents\kouluS2021\tekoälyy\imagedataset\House_Room_Dataset\Bedroom\bed_472.jpg</path>
	<source>
		<database>Unknown</database>
	</source>
	<size>
		<width>224</width>
		<height>224</height>
		<depth>3</depth>
	</size>
	<segmented>0</segmented>
	<object>
		<name>bed</name>
		<pose>Unspecified</pose>
		<truncated>0</truncated>
		<difficult>0</difficult>
		<bndbox>
			<xmin>82</xmin>
			<ymin>127</ymin>
			<xmax>160</xmax>
			<ymax>211</ymax>
		</bndbox>
	</object>
</annotation>
