<annotation verified="yes">
	<folder>Bedroom</folder>
	<filename>bed_1299.jpg</filename>
	<path>D:\OneDrive\Documents\kouluS2021\tekoälyy\imagedataset\House_Room_Dataset\Bedroom\bed_1299.jpg</path>
	<source>
		<database>Unknown</database>
	</source>
	<size>
		<width>224</width>
		<height>224</height>
		<depth>3</depth>
	</size>
	<segmented>0</segmented>
	<object>
		<name>bed</name>
		<pose>Unspecified</pose>
		<truncated>0</truncated>
		<difficult>0</difficult>
		<bndbox>
			<xmin>57</xmin>
			<ymin>122</ymin>
			<xmax>148</xmax>
			<ymax>211</ymax>
		</bndbox>
	</object>
	<object>
		<name>bed</name>
		<pose>Unspecified</pose>
		<truncated>0</truncated>
		<difficult>0</difficult>
		<bndbox>
			<xmin>113</xmin>
			<ymin>120</ymin>
			<xmax>202</xmax>
			<ymax>197</ymax>
		</bndbox>
	</object>
</annotation>
