<annotation>
	<folder>Bedroom</folder>
	<filename>bed_46.jpg</filename>
	<path>D:\OneDrive\Documents\kouluS2021\tekoälyy\imagedataset\House_Room_Dataset\Bedroom\bed_46.jpg</path>
	<source>
		<database>Unknown</database>
	</source>
	<size>
		<width>224</width>
		<height>224</height>
		<depth>3</depth>
	</size>
	<segmented>0</segmented>
	<object>
		<name>bed</name>
		<pose>Unspecified</pose>
		<truncated>1</truncated>
		<difficult>0</difficult>
		<bndbox>
			<xmin>110</xmin>
			<ymin>100</ymin>
			<xmax>224</xmax>
			<ymax>211</ymax>
		</bndbox>
	</object>
	<object>
		<name>bed</name>
		<pose>Unspecified</pose>
		<truncated>0</truncated>
		<difficult>0</difficult>
		<bndbox>
			<xmin>14</xmin>
			<ymin>96</ymin>
			<xmax>107</xmax>
			<ymax>217</ymax>
		</bndbox>
	</object>
</annotation>
