<annotation verified="yes">
	<folder>Bedroom</folder>
	<filename>bed_61.jpg</filename>
	<path>D:\OneDrive\Documents\kouluS2021\tekoälyy\imagedataset\House_Room_Dataset\Bedroom\bed_61.jpg</path>
	<source>
		<database>Unknown</database>
	</source>
	<size>
		<width>224</width>
		<height>224</height>
		<depth>3</depth>
	</size>
	<segmented>0</segmented>
	<object>
		<name>bed</name>
		<pose>Unspecified</pose>
		<truncated>0</truncated>
		<difficult>0</difficult>
		<bndbox>
			<xmin>48</xmin>
			<ymin>98</ymin>
			<xmax>141</xmax>
			<ymax>187</ymax>
		</bndbox>
	</object>
</annotation>
