<annotation>
	<folder>labelImg</folder>
	<filename>003.jpg</filename>
	<path>D:\labelImg\003.jpg</path>
	<source>
		<database>Unknown</database>
	</source>
	<size>
		<width>1024</width>
		<height>683</height>
		<depth>3</depth>
	</size>
	<segmented>0</segmented>
	<object>
		<name>chair</name>
		<pose>Unspecified</pose>
		<truncated>0</truncated>
		<difficult>0</difficult>
		<bndbox>
			<xmin>226</xmin>
			<ymin>394</ymin>
			<xmax>360</xmax>
			<ymax>553</ymax>
		</bndbox>
	</object>
</annotation>
