<annotation>
	<folder>labelImg</folder>
	<filename>006.jpg</filename>
	<path>D:\labelImg\006.jpg</path>
	<source>
		<database>Unknown</database>
	</source>
	<size>
		<width>768</width>
		<height>1024</height>
		<depth>3</depth>
	</size>
	<segmented>0</segmented>
	<object>
		<name>chair</name>
		<pose>Unspecified</pose>
		<truncated>0</truncated>
		<difficult>0</difficult>
		<bndbox>
			<xmin>78</xmin>
			<ymin>65</ymin>
			<xmax>665</xmax>
			<ymax>995</ymax>
		</bndbox>
	</object>
</annotation>
