<annotation>
	<folder>labelImg</folder>
	<filename>009.jpg</filename>
	<path>D:\labelImg\009.jpg</path>
	<source>
		<database>Unknown</database>
	</source>
	<size>
		<width>1024</width>
		<height>680</height>
		<depth>3</depth>
	</size>
	<segmented>0</segmented>
	<object>
		<name>chair</name>
		<pose>Unspecified</pose>
		<truncated>1</truncated>
		<difficult>0</difficult>
		<bndbox>
			<xmin>84</xmin>
			<ymin>57</ymin>
			<xmax>582</xmax>
			<ymax>680</ymax>
		</bndbox>
	</object>
</annotation>
