<annotation>
	<folder>labelImg</folder>
	<filename>010.jpg</filename>
	<path>D:\labelImg\010.jpg</path>
	<source>
		<database>Unknown</database>
	</source>
	<size>
		<width>1024</width>
		<height>691</height>
		<depth>3</depth>
	</size>
	<segmented>0</segmented>
	<object>
		<name>chair</name>
		<pose>Unspecified</pose>
		<truncated>0</truncated>
		<difficult>0</difficult>
		<bndbox>
			<xmin>586</xmin>
			<ymin>189</ymin>
			<xmax>975</xmax>
			<ymax>638</ymax>
		</bndbox>
	</object>
</annotation>
