<annotation>
	<folder>labelImg</folder>
	<filename>011.jpg</filename>
	<path>D:\labelImg\011.jpg</path>
	<source>
		<database>Unknown</database>
	</source>
	<size>
		<width>719</width>
		<height>1024</height>
		<depth>3</depth>
	</size>
	<segmented>0</segmented>
	<object>
		<name>chair</name>
		<pose>Unspecified</pose>
		<truncated>0</truncated>
		<difficult>0</difficult>
		<bndbox>
			<xmin>135</xmin>
			<ymin>434</ymin>
			<xmax>465</xmax>
			<ymax>998</ymax>
		</bndbox>
	</object>
</annotation>
