<annotation>
	<folder>labelImg</folder>
	<filename>012.jpg</filename>
	<path>D:\labelImg\012.jpg</path>
	<source>
		<database>Unknown</database>
	</source>
	<size>
		<width>1024</width>
		<height>745</height>
		<depth>3</depth>
	</size>
	<segmented>0</segmented>
	<object>
		<name>chair</name>
		<pose>Unspecified</pose>
		<truncated>0</truncated>
		<difficult>0</difficult>
		<bndbox>
			<xmin>149</xmin>
			<ymin>128</ymin>
			<xmax>595</xmax>
			<ymax>706</ymax>
		</bndbox>
	</object>
</annotation>
