<annotation>
	<folder>labelImg</folder>
	<filename>013.jpg</filename>
	<path>D:\labelImg\013.jpg</path>
	<source>
		<database>Unknown</database>
	</source>
	<size>
		<width>1024</width>
		<height>768</height>
		<depth>3</depth>
	</size>
	<segmented>0</segmented>
	<object>
		<name>chair</name>
		<pose>Unspecified</pose>
		<truncated>0</truncated>
		<difficult>0</difficult>
		<bndbox>
			<xmin>482</xmin>
			<ymin>165</ymin>
			<xmax>868</xmax>
			<ymax>686</ymax>
		</bndbox>
	</object>
</annotation>
