<annotation>
	<folder>labelImg</folder>
	<filename>014.jpg</filename>
	<path>D:\labelImg\014.jpg</path>
	<source>
		<database>Unknown</database>
	</source>
	<size>
		<width>768</width>
		<height>1024</height>
		<depth>1</depth>
	</size>
	<segmented>0</segmented>
	<object>
		<name>chair</name>
		<pose>Unspecified</pose>
		<truncated>0</truncated>
		<difficult>0</difficult>
		<bndbox>
			<xmin>53</xmin>
			<ymin>587</ymin>
			<xmax>276</xmax>
			<ymax>916</ymax>
		</bndbox>
	</object>
</annotation>
