<annotation>
	<folder>labelImg</folder>
	<filename>016.jpg</filename>
	<path>D:\labelImg\016.jpg</path>
	<source>
		<database>Unknown</database>
	</source>
	<size>
		<width>680</width>
		<height>1024</height>
		<depth>1</depth>
	</size>
	<segmented>0</segmented>
	<object>
		<name>chair</name>
		<pose>Unspecified</pose>
		<truncated>0</truncated>
		<difficult>0</difficult>
		<bndbox>
			<xmin>248</xmin>
			<ymin>549</ymin>
			<xmax>434</xmax>
			<ymax>837</ymax>
		</bndbox>
	</object>
</annotation>
