<annotation>
	<folder>labelImg</folder>
	<filename>018.jpg</filename>
	<path>D:\labelImg\018.jpg</path>
	<source>
		<database>Unknown</database>
	</source>
	<size>
		<width>1024</width>
		<height>681</height>
		<depth>3</depth>
	</size>
	<segmented>0</segmented>
	<object>
		<name>chair</name>
		<pose>Unspecified</pose>
		<truncated>1</truncated>
		<difficult>0</difficult>
		<bndbox>
			<xmin>278</xmin>
			<ymin>306</ymin>
			<xmax>535</xmax>
			<ymax>681</ymax>
		</bndbox>
	</object>
</annotation>
