<annotation>
	<folder>labelImg</folder>
	<filename>019.jpg</filename>
	<path>D:\labelImg\019.jpg</path>
	<source>
		<database>Unknown</database>
	</source>
	<size>
		<width>685</width>
		<height>1024</height>
		<depth>3</depth>
	</size>
	<segmented>0</segmented>
	<object>
		<name>chair</name>
		<pose>Unspecified</pose>
		<truncated>0</truncated>
		<difficult>0</difficult>
		<bndbox>
			<xmin>88</xmin>
			<ymin>53</ymin>
			<xmax>601</xmax>
			<ymax>998</ymax>
		</bndbox>
	</object>
</annotation>
