<annotation>
	<folder>labelImg</folder>
	<filename>020.jpg</filename>
	<path>D:\labelImg\020.jpg</path>
	<source>
		<database>Unknown</database>
	</source>
	<size>
		<width>1024</width>
		<height>768</height>
		<depth>3</depth>
	</size>
	<segmented>0</segmented>
	<object>
		<name>chair</name>
		<pose>Unspecified</pose>
		<truncated>1</truncated>
		<difficult>0</difficult>
		<bndbox>
			<xmin>441</xmin>
			<ymin>39</ymin>
			<xmax>1024</xmax>
			<ymax>768</ymax>
		</bndbox>
	</object>
</annotation>
