<annotation>
	<folder>labelImg</folder>
	<filename>022.jpg</filename>
	<path>D:\labelImg\022.jpg</path>
	<source>
		<database>Unknown</database>
	</source>
	<size>
		<width>1492</width>
		<height>1309</height>
		<depth>3</depth>
	</size>
	<segmented>0</segmented>
	<object>
		<name>chair</name>
		<pose>Unspecified</pose>
		<truncated>0</truncated>
		<difficult>0</difficult>
		<bndbox>
			<xmin>236</xmin>
			<ymin>32</ymin>
			<xmax>936</xmax>
			<ymax>1303</ymax>
		</bndbox>
	</object>
</annotation>
