<annotation>
	<folder>labelImg</folder>
	<filename>023.jpg</filename>
	<path>D:\labelImg\023.jpg</path>
	<source>
		<database>Unknown</database>
	</source>
	<size>
		<width>665</width>
		<height>680</height>
		<depth>3</depth>
	</size>
	<segmented>0</segmented>
	<object>
		<name>chair</name>
		<pose>Unspecified</pose>
		<truncated>0</truncated>
		<difficult>0</difficult>
		<bndbox>
			<xmin>94</xmin>
			<ymin>121</ymin>
			<xmax>436</xmax>
			<ymax>659</ymax>
		</bndbox>
	</object>
</annotation>
