<annotation>
	<folder>labelImg</folder>
	<filename>028.jpg</filename>
	<path>D:\labelImg\028.jpg</path>
	<source>
		<database>Unknown</database>
	</source>
	<size>
		<width>791</width>
		<height>1024</height>
		<depth>3</depth>
	</size>
	<segmented>0</segmented>
	<object>
		<name>chair</name>
		<pose>Unspecified</pose>
		<truncated>0</truncated>
		<difficult>0</difficult>
		<bndbox>
			<xmin>361</xmin>
			<ymin>535</ymin>
			<xmax>672</xmax>
			<ymax>1006</ymax>
		</bndbox>
	</object>
</annotation>
