<annotation>
	<folder>labelImg</folder>
	<filename>029.jpg</filename>
	<path>D:\labelImg\029.jpg</path>
	<source>
		<database>Unknown</database>
	</source>
	<size>
		<width>1024</width>
		<height>683</height>
		<depth>3</depth>
	</size>
	<segmented>0</segmented>
	<object>
		<name>chair</name>
		<pose>Unspecified</pose>
		<truncated>0</truncated>
		<difficult>0</difficult>
		<bndbox>
			<xmin>190</xmin>
			<ymin>271</ymin>
			<xmax>445</xmax>
			<ymax>604</ymax>
		</bndbox>
	</object>
	<object>
		<name>chair</name>
		<pose>Unspecified</pose>
		<truncated>0</truncated>
		<difficult>0</difficult>
		<bndbox>
			<xmin>567</xmin>
			<ymin>268</ymin>
			<xmax>822</xmax>
			<ymax>604</ymax>
		</bndbox>
	</object>
</annotation>
