<annotation>
	<folder>labelImg</folder>
	<filename>030.jpg</filename>
	<path>D:\labelImg\030.jpg</path>
	<source>
		<database>Unknown</database>
	</source>
	<size>
		<width>1000</width>
		<height>600</height>
		<depth>3</depth>
	</size>
	<segmented>0</segmented>
	<object>
		<name>chair</name>
		<pose>Unspecified</pose>
		<truncated>0</truncated>
		<difficult>0</difficult>
		<bndbox>
			<xmin>92</xmin>
			<ymin>274</ymin>
			<xmax>323</xmax>
			<ymax>478</ymax>
		</bndbox>
	</object>
	<object>
		<name>chair</name>
		<pose>Unspecified</pose>
		<truncated>0</truncated>
		<difficult>0</difficult>
		<bndbox>
			<xmin>748</xmin>
			<ymin>315</ymin>
			<xmax>997</xmax>
			<ymax>580</ymax>
		</bndbox>
	</object>
</annotation>
