<annotation>
	<folder>labelImg</folder>
	<filename>031.jpg</filename>
	<path>D:\labelImg\031.jpg</path>
	<source>
		<database>Unknown</database>
	</source>
	<size>
		<width>700</width>
		<height>525</height>
		<depth>3</depth>
	</size>
	<segmented>0</segmented>
	<object>
		<name>chair</name>
		<pose>Unspecified</pose>
		<truncated>0</truncated>
		<difficult>0</difficult>
		<bndbox>
			<xmin>84</xmin>
			<ymin>244</ymin>
			<xmax>290</xmax>
			<ymax>491</ymax>
		</bndbox>
	</object>
</annotation>
