<annotation>
	<folder>labelImg</folder>
	<filename>032.jpg</filename>
	<path>D:\labelImg\032.jpg</path>
	<source>
		<database>Unknown</database>
	</source>
	<size>
		<width>1024</width>
		<height>624</height>
		<depth>3</depth>
	</size>
	<segmented>0</segmented>
	<object>
		<name>chair</name>
		<pose>Unspecified</pose>
		<truncated>0</truncated>
		<difficult>0</difficult>
		<bndbox>
			<xmin>769</xmin>
			<ymin>394</ymin>
			<xmax>985</xmax>
			<ymax>562</ymax>
		</bndbox>
	</object>
</annotation>
