<annotation>
	<folder>labelImg</folder>
	<filename>033.jpg</filename>
	<path>D:\labelImg\033.jpg</path>
	<source>
		<database>Unknown</database>
	</source>
	<size>
		<width>480</width>
		<height>599</height>
		<depth>3</depth>
	</size>
	<segmented>0</segmented>
	<object>
		<name>chair</name>
		<pose>Unspecified</pose>
		<truncated>0</truncated>
		<difficult>0</difficult>
		<bndbox>
			<xmin>6</xmin>
			<ymin>395</ymin>
			<xmax>215</xmax>
			<ymax>551</ymax>
		</bndbox>
	</object>
</annotation>
