<annotation>
	<folder>labelImg</folder>
	<filename>034.jpg</filename>
	<path>D:\labelImg\034.jpg</path>
	<source>
		<database>Unknown</database>
	</source>
	<size>
		<width>1024</width>
		<height>1024</height>
		<depth>3</depth>
	</size>
	<segmented>0</segmented>
	<object>
		<name>chair</name>
		<pose>Unspecified</pose>
		<truncated>0</truncated>
		<difficult>0</difficult>
		<bndbox>
			<xmin>218</xmin>
			<ymin>115</ymin>
			<xmax>860</xmax>
			<ymax>977</ymax>
		</bndbox>
	</object>
</annotation>
