<annotation>
	<folder>labelImg</folder>
	<filename>036.jpg</filename>
	<path>D:\labelImg\036.jpg</path>
	<source>
		<database>Unknown</database>
	</source>
	<size>
		<width>530</width>
		<height>798</height>
		<depth>3</depth>
	</size>
	<segmented>0</segmented>
	<object>
		<name>chair</name>
		<pose>Unspecified</pose>
		<truncated>1</truncated>
		<difficult>0</difficult>
		<bndbox>
			<xmin>66</xmin>
			<ymin>485</ymin>
			<xmax>369</xmax>
			<ymax>798</ymax>
		</bndbox>
	</object>
</annotation>
