<annotation>
	<folder>labelImg</folder>
	<filename>037.jpg</filename>
	<path>D:\labelImg\037.jpg</path>
	<source>
		<database>Unknown</database>
	</source>
	<size>
		<width>600</width>
		<height>407</height>
		<depth>3</depth>
	</size>
	<segmented>0</segmented>
	<object>
		<name>chair</name>
		<pose>Unspecified</pose>
		<truncated>0</truncated>
		<difficult>0</difficult>
		<bndbox>
			<xmin>260</xmin>
			<ymin>237</ymin>
			<xmax>398</xmax>
			<ymax>385</ymax>
		</bndbox>
	</object>
</annotation>
