<annotation>
	<folder>labelImg</folder>
	<filename>038.jpg</filename>
	<path>D:\labelImg\038.jpg</path>
	<source>
		<database>Unknown</database>
	</source>
	<size>
		<width>591</width>
		<height>591</height>
		<depth>3</depth>
	</size>
	<segmented>0</segmented>
	<object>
		<name>chair</name>
		<pose>Unspecified</pose>
		<truncated>0</truncated>
		<difficult>0</difficult>
		<bndbox>
			<xmin>148</xmin>
			<ymin>52</ymin>
			<xmax>513</xmax>
			<ymax>569</ymax>
		</bndbox>
	</object>
</annotation>
