<annotation>
	<folder>labelImg</folder>
	<filename>041.jpg</filename>
	<path>D:\labelImg\041.jpg</path>
	<source>
		<database>Unknown</database>
	</source>
	<size>
		<width>1024</width>
		<height>683</height>
		<depth>3</depth>
	</size>
	<segmented>0</segmented>
	<object>
		<name>chair</name>
		<pose>Unspecified</pose>
		<truncated>1</truncated>
		<difficult>0</difficult>
		<bndbox>
			<xmin>381</xmin>
			<ymin>426</ymin>
			<xmax>551</xmax>
			<ymax>683</ymax>
		</bndbox>
	</object>
</annotation>
