<annotation>
	<folder>labelImg</folder>
	<filename>042.jpg</filename>
	<path>D:\labelImg\042.jpg</path>
	<source>
		<database>Unknown</database>
	</source>
	<size>
		<width>1500</width>
		<height>1853</height>
		<depth>3</depth>
	</size>
	<segmented>0</segmented>
	<object>
		<name>chair</name>
		<pose>Unspecified</pose>
		<truncated>0</truncated>
		<difficult>0</difficult>
		<bndbox>
			<xmin>579</xmin>
			<ymin>929</ymin>
			<xmax>1215</xmax>
			<ymax>1681</ymax>
		</bndbox>
	</object>
	<object>
		<name>chair</name>
		<pose>Unspecified</pose>
		<truncated>1</truncated>
		<difficult>0</difficult>
		<bndbox>
			<xmin>650</xmin>
			<ymin>1373</ymin>
			<xmax>1499</xmax>
			<ymax>1853</ymax>
		</bndbox>
	</object>
</annotation>
