<annotation>
	<folder>labelImg</folder>
	<filename>043.jpg</filename>
	<path>D:\labelImg\043.jpg</path>
	<source>
		<database>Unknown</database>
	</source>
	<size>
		<width>320</width>
		<height>320</height>
		<depth>3</depth>
	</size>
	<segmented>0</segmented>
	<object>
		<name>chair</name>
		<pose>Unspecified</pose>
		<truncated>0</truncated>
		<difficult>0</difficult>
		<bndbox>
			<xmin>56</xmin>
			<ymin>63</ymin>
			<xmax>278</xmax>
			<ymax>298</ymax>
		</bndbox>
	</object>
</annotation>
