<annotation>
	<folder>labelImg</folder>
	<filename>046.jpg</filename>
	<path>D:\labelImg\046.jpg</path>
	<source>
		<database>Unknown</database>
	</source>
	<size>
		<width>1311</width>
		<height>737</height>
		<depth>3</depth>
	</size>
	<segmented>0</segmented>
	<object>
		<name>chair</name>
		<pose>Unspecified</pose>
		<truncated>0</truncated>
		<difficult>0</difficult>
		<bndbox>
			<xmin>59</xmin>
			<ymin>181</ymin>
			<xmax>406</xmax>
			<ymax>618</ymax>
		</bndbox>
	</object>
	<object>
		<name>chair</name>
		<pose>Unspecified</pose>
		<truncated>1</truncated>
		<difficult>0</difficult>
		<bndbox>
			<xmin>401</xmin>
			<ymin>219</ymin>
			<xmax>863</xmax>
			<ymax>737</ymax>
		</bndbox>
	</object>
	<object>
		<name>chair</name>
		<pose>Unspecified</pose>
		<truncated>0</truncated>
		<difficult>0</difficult>
		<bndbox>
			<xmin>788</xmin>
			<ymin>182</ymin>
			<xmax>1100</xmax>
			<ymax>642</ymax>
		</bndbox>
	</object>
	<object>
		<name>chair</name>
		<pose>Unspecified</pose>
		<truncated>1</truncated>
		<difficult>0</difficult>
		<bndbox>
			<xmin>1253</xmin>
			<ymin>487</ymin>
			<xmax>1311</xmax>
			<ymax>737</ymax>
		</bndbox>
	</object>
</annotation>
