<annotation>
	<folder>labelImg</folder>
	<filename>047.jpg</filename>
	<path>D:\labelImg\047.jpg</path>
	<source>
		<database>Unknown</database>
	</source>
	<size>
		<width>612</width>
		<height>409</height>
		<depth>3</depth>
	</size>
	<segmented>0</segmented>
	<object>
		<name>chair</name>
		<pose>Unspecified</pose>
		<truncated>0</truncated>
		<difficult>0</difficult>
		<bndbox>
			<xmin>84</xmin>
			<ymin>126</ymin>
			<xmax>309</xmax>
			<ymax>382</ymax>
		</bndbox>
	</object>
</annotation>
