<annotation>
	<folder>labelImg</folder>
	<filename>049.jpg</filename>
	<path>D:\labelImg\049.jpg</path>
	<source>
		<database>Unknown</database>
	</source>
	<size>
		<width>1500</width>
		<height>2001</height>
		<depth>3</depth>
	</size>
	<segmented>0</segmented>
	<object>
		<name>chair</name>
		<pose>Unspecified</pose>
		<truncated>0</truncated>
		<difficult>0</difficult>
		<bndbox>
			<xmin>286</xmin>
			<ymin>1108</ymin>
			<xmax>964</xmax>
			<ymax>1779</ymax>
		</bndbox>
	</object>
</annotation>
