<annotation>
	<folder>labelImg</folder>
	<filename>050.jpg</filename>
	<path>D:\labelImg\050.jpg</path>
	<source>
		<database>Unknown</database>
	</source>
	<size>
		<width>1024</width>
		<height>657</height>
		<depth>3</depth>
	</size>
	<segmented>0</segmented>
	<object>
		<name>chair</name>
		<pose>Unspecified</pose>
		<truncated>0</truncated>
		<difficult>0</difficult>
		<bndbox>
			<xmin>539</xmin>
			<ymin>513</ymin>
			<xmax>616</xmax>
			<ymax>624</ymax>
		</bndbox>
	</object>
	<object>
		<name>chair</name>
		<pose>Unspecified</pose>
		<truncated>0</truncated>
		<difficult>0</difficult>
		<bndbox>
			<xmin>437</xmin>
			<ymin>489</ymin>
			<xmax>489</xmax>
			<ymax>575</ymax>
		</bndbox>
	</object>
</annotation>
