<annotation>
	<folder>labelImg</folder>
	<filename>051.jpg</filename>
	<path>D:\labelImg\051.jpg</path>
	<source>
		<database>Unknown</database>
	</source>
	<size>
		<width>640</width>
		<height>640</height>
		<depth>3</depth>
	</size>
	<segmented>0</segmented>
	<object>
		<name>chair</name>
		<pose>Unspecified</pose>
		<truncated>0</truncated>
		<difficult>0</difficult>
		<bndbox>
			<xmin>149</xmin>
			<ymin>96</ymin>
			<xmax>482</xmax>
			<ymax>608</ymax>
		</bndbox>
	</object>
</annotation>
