<annotation>
	<folder>labelImg</folder>
	<filename>052.jpg</filename>
	<path>D:\labelImg\052.jpg</path>
	<source>
		<database>Unknown</database>
	</source>
	<size>
		<width>640</width>
		<height>640</height>
		<depth>3</depth>
	</size>
	<segmented>0</segmented>
	<object>
		<name>chair</name>
		<pose>Unspecified</pose>
		<truncated>0</truncated>
		<difficult>0</difficult>
		<bndbox>
			<xmin>145</xmin>
			<ymin>85</ymin>
			<xmax>521</xmax>
			<ymax>618</ymax>
		</bndbox>
	</object>
</annotation>
