<annotation>
	<folder>labelImg</folder>
	<filename>053.jpg</filename>
	<path>D:\labelImg\053.jpg</path>
	<source>
		<database>Unknown</database>
	</source>
	<size>
		<width>930</width>
		<height>550</height>
		<depth>3</depth>
	</size>
	<segmented>0</segmented>
	<object>
		<name>chair</name>
		<pose>Unspecified</pose>
		<truncated>1</truncated>
		<difficult>0</difficult>
		<bndbox>
			<xmin>645</xmin>
			<ymin>313</ymin>
			<xmax>865</xmax>
			<ymax>550</ymax>
		</bndbox>
	</object>
</annotation>
