<annotation>
	<folder>labelImg</folder>
	<filename>054.jpg</filename>
	<path>D:\labelImg\054.jpg</path>
	<source>
		<database>Unknown</database>
	</source>
	<size>
		<width>768</width>
		<height>491</height>
		<depth>3</depth>
	</size>
	<segmented>0</segmented>
	<object>
		<name>chair</name>
		<pose>Unspecified</pose>
		<truncated>0</truncated>
		<difficult>0</difficult>
		<bndbox>
			<xmin>572</xmin>
			<ymin>264</ymin>
			<xmax>743</xmax>
			<ymax>422</ymax>
		</bndbox>
	</object>
	<object>
		<name>chair</name>
		<pose>Unspecified</pose>
		<truncated>0</truncated>
		<difficult>0</difficult>
		<bndbox>
			<xmin>519</xmin>
			<ymin>241</ymin>
			<xmax>638</xmax>
			<ymax>349</ymax>
		</bndbox>
	</object>
</annotation>
