<annotation>
	<folder>labelImg</folder>
	<filename>056.jpg</filename>
	<path>D:\labelImg\056.jpg</path>
	<source>
		<database>Unknown</database>
	</source>
	<size>
		<width>610</width>
		<height>350</height>
		<depth>3</depth>
	</size>
	<segmented>0</segmented>
	<object>
		<name>chair</name>
		<pose>Unspecified</pose>
		<truncated>0</truncated>
		<difficult>0</difficult>
		<bndbox>
			<xmin>22</xmin>
			<ymin>188</ymin>
			<xmax>158</xmax>
			<ymax>314</ymax>
		</bndbox>
	</object>
</annotation>
