<annotation>
	<folder>labelImg</folder>
	<filename>057.jpg</filename>
	<path>D:\labelImg\057.jpg</path>
	<source>
		<database>Unknown</database>
	</source>
	<size>
		<width>700</width>
		<height>700</height>
		<depth>3</depth>
	</size>
	<segmented>0</segmented>
	<object>
		<name>chair</name>
		<pose>Unspecified</pose>
		<truncated>0</truncated>
		<difficult>0</difficult>
		<bndbox>
			<xmin>203</xmin>
			<ymin>46</ymin>
			<xmax>495</xmax>
			<ymax>654</ymax>
		</bndbox>
	</object>
</annotation>
