<annotation>
	<folder>labelImg</folder>
	<filename>058.png</filename>
	<path>D:\labelImg\058.png</path>
	<source>
		<database>Unknown</database>
	</source>
	<size>
		<width>800</width>
		<height>800</height>
		<depth>3</depth>
	</size>
	<segmented>0</segmented>
	<object>
		<name>chair</name>
		<pose>Unspecified</pose>
		<truncated>0</truncated>
		<difficult>0</difficult>
		<bndbox>
			<xmin>173</xmin>
			<ymin>197</ymin>
			<xmax>589</xmax>
			<ymax>705</ymax>
		</bndbox>
	</object>
</annotation>
