<annotation>
	<folder>labelImg</folder>
	<filename>059.jpg</filename>
	<path>D:\labelImg\059.jpg</path>
	<source>
		<database>Unknown</database>
	</source>
	<size>
		<width>1000</width>
		<height>1500</height>
		<depth>3</depth>
	</size>
	<segmented>0</segmented>
	<object>
		<name>chair</name>
		<pose>Unspecified</pose>
		<truncated>0</truncated>
		<difficult>0</difficult>
		<bndbox>
			<xmin>29</xmin>
			<ymin>39</ymin>
			<xmax>969</xmax>
			<ymax>1485</ymax>
		</bndbox>
	</object>
</annotation>
