<annotation>
	<folder>labelImg</folder>
	<filename>060.jpg</filename>
	<path>D:\labelImg\060.jpg</path>
	<source>
		<database>Unknown</database>
	</source>
	<size>
		<width>840</width>
		<height>460</height>
		<depth>3</depth>
	</size>
	<segmented>0</segmented>
	<object>
		<name>chair</name>
		<pose>Unspecified</pose>
		<truncated>0</truncated>
		<difficult>0</difficult>
		<bndbox>
			<xmin>644</xmin>
			<ymin>247</ymin>
			<xmax>747</xmax>
			<ymax>385</ymax>
		</bndbox>
	</object>
</annotation>
