<annotation>
	<folder>labelImg</folder>
	<filename>061.jpg</filename>
	<path>D:\labelImg\061.jpg</path>
	<source>
		<database>Unknown</database>
	</source>
	<size>
		<width>375</width>
		<height>500</height>
		<depth>3</depth>
	</size>
	<segmented>0</segmented>
	<object>
		<name>chair</name>
		<pose>Unspecified</pose>
		<truncated>0</truncated>
		<difficult>0</difficult>
		<bndbox>
			<xmin>144</xmin>
			<ymin>284</ymin>
			<xmax>242</xmax>
			<ymax>439</ymax>
		</bndbox>
	</object>
</annotation>
