<annotation>
	<folder>labelImg</folder>
	<filename>062.jpg</filename>
	<path>D:\labelImg\062.jpg</path>
	<source>
		<database>Unknown</database>
	</source>
	<size>
		<width>728</width>
		<height>1104</height>
		<depth>3</depth>
	</size>
	<segmented>0</segmented>
	<object>
		<name>chair</name>
		<pose>Unspecified</pose>
		<truncated>1</truncated>
		<difficult>0</difficult>
		<bndbox>
			<xmin>1</xmin>
			<ymin>665</ymin>
			<xmax>361</xmax>
			<ymax>1104</ymax>
		</bndbox>
	</object>
	<object>
		<name>chair</name>
		<pose>Unspecified</pose>
		<truncated>0</truncated>
		<difficult>0</difficult>
		<bndbox>
			<xmin>271</xmin>
			<ymin>620</ymin>
			<xmax>341</xmax>
			<ymax>741</ymax>
		</bndbox>
	</object>
</annotation>
