<annotation>
	<folder>labelImg</folder>
	<filename>065.jpg</filename>
	<path>D:\labelImg\065.jpg</path>
	<source>
		<database>Unknown</database>
	</source>
	<size>
		<width>930</width>
		<height>620</height>
		<depth>3</depth>
	</size>
	<segmented>0</segmented>
	<object>
		<name>chair</name>
		<pose>Unspecified</pose>
		<truncated>0</truncated>
		<difficult>0</difficult>
		<bndbox>
			<xmin>9</xmin>
			<ymin>190</ymin>
			<xmax>217</xmax>
			<ymax>543</ymax>
		</bndbox>
	</object>
	<object>
		<name>chair</name>
		<pose>Unspecified</pose>
		<truncated>0</truncated>
		<difficult>0</difficult>
		<bndbox>
			<xmin>291</xmin>
			<ymin>184</ymin>
			<xmax>442</xmax>
			<ymax>484</ymax>
		</bndbox>
	</object>
	<object>
		<name>chair</name>
		<pose>Unspecified</pose>
		<truncated>0</truncated>
		<difficult>0</difficult>
		<bndbox>
			<xmin>460</xmin>
			<ymin>186</ymin>
			<xmax>622</xmax>
			<ymax>491</ymax>
		</bndbox>
	</object>
	<object>
		<name>chair</name>
		<pose>Unspecified</pose>
		<truncated>0</truncated>
		<difficult>0</difficult>
		<bndbox>
			<xmin>715</xmin>
			<ymin>189</ymin>
			<xmax>922</xmax>
			<ymax>549</ymax>
		</bndbox>
	</object>
</annotation>
