<annotation>
	<folder>labelImg</folder>
	<filename>066.jpg</filename>
	<path>D:\labelImg\066.jpg</path>
	<source>
		<database>Unknown</database>
	</source>
	<size>
		<width>558</width>
		<height>501</height>
		<depth>3</depth>
	</size>
	<segmented>0</segmented>
	<object>
		<name>chair</name>
		<pose>Unspecified</pose>
		<truncated>0</truncated>
		<difficult>0</difficult>
		<bndbox>
			<xmin>85</xmin>
			<ymin>71</ymin>
			<xmax>475</xmax>
			<ymax>458</ymax>
		</bndbox>
	</object>
</annotation>
