<annotation>
	<folder>labelImg</folder>
	<filename>067.jpg</filename>
	<path>D:\labelImg\067.jpg</path>
	<source>
		<database>Unknown</database>
	</source>
	<size>
		<width>800</width>
		<height>800</height>
		<depth>3</depth>
	</size>
	<segmented>0</segmented>
	<object>
		<name>chair</name>
		<pose>Unspecified</pose>
		<truncated>0</truncated>
		<difficult>0</difficult>
		<bndbox>
			<xmin>271</xmin>
			<ymin>213</ymin>
			<xmax>760</xmax>
			<ymax>760</ymax>
		</bndbox>
	</object>
</annotation>
