<annotation>
	<folder>labelImg</folder>
	<filename>068.jpg</filename>
	<path>D:\labelImg\068.jpg</path>
	<source>
		<database>Unknown</database>
	</source>
	<size>
		<width>1500</width>
		<height>1500</height>
		<depth>3</depth>
	</size>
	<segmented>0</segmented>
	<object>
		<name>chair</name>
		<pose>Unspecified</pose>
		<truncated>0</truncated>
		<difficult>0</difficult>
		<bndbox>
			<xmin>526</xmin>
			<ymin>237</ymin>
			<xmax>1241</xmax>
			<ymax>1454</ymax>
		</bndbox>
	</object>
</annotation>
