<annotation>
	<folder>labelImg</folder>
	<filename>069.jpg</filename>
	<path>D:\labelImg\069.jpg</path>
	<source>
		<database>Unknown</database>
	</source>
	<size>
		<width>350</width>
		<height>350</height>
		<depth>3</depth>
	</size>
	<segmented>0</segmented>
	<object>
		<name>chair</name>
		<pose>Unspecified</pose>
		<truncated>0</truncated>
		<difficult>0</difficult>
		<bndbox>
			<xmin>84</xmin>
			<ymin>37</ymin>
			<xmax>265</xmax>
			<ymax>328</ymax>
		</bndbox>
	</object>
</annotation>
