<annotation>
	<folder>labelImg</folder>
	<filename>070.jpg</filename>
	<path>D:\labelImg\070.jpg</path>
	<source>
		<database>Unknown</database>
	</source>
	<size>
		<width>600</width>
		<height>382</height>
		<depth>3</depth>
	</size>
	<segmented>0</segmented>
	<object>
		<name>chair</name>
		<pose>Unspecified</pose>
		<truncated>1</truncated>
		<difficult>0</difficult>
		<bndbox>
			<xmin>1</xmin>
			<ymin>198</ymin>
			<xmax>162</xmax>
			<ymax>382</ymax>
		</bndbox>
	</object>
</annotation>
