<annotation>
	<folder>labelImg</folder>
	<filename>071.jpg</filename>
	<path>D:\labelImg\071.jpg</path>
	<source>
		<database>Unknown</database>
	</source>
	<size>
		<width>500</width>
		<height>346</height>
		<depth>3</depth>
	</size>
	<segmented>0</segmented>
	<object>
		<name>chair</name>
		<pose>Unspecified</pose>
		<truncated>0</truncated>
		<difficult>0</difficult>
		<bndbox>
			<xmin>257</xmin>
			<ymin>192</ymin>
			<xmax>338</xmax>
			<ymax>329</ymax>
		</bndbox>
	</object>
</annotation>
