<annotation>
	<folder>labelImg</folder>
	<filename>072.jpg</filename>
	<path>D:\labelImg\072.jpg</path>
	<source>
		<database>Unknown</database>
	</source>
	<size>
		<width>800</width>
		<height>621</height>
		<depth>3</depth>
	</size>
	<segmented>0</segmented>
	<object>
		<name>chair</name>
		<pose>Unspecified</pose>
		<truncated>1</truncated>
		<difficult>0</difficult>
		<bndbox>
			<xmin>200</xmin>
			<ymin>45</ymin>
			<xmax>618</xmax>
			<ymax>621</ymax>
		</bndbox>
	</object>
</annotation>
