<annotation>
	<folder>labelImg</folder>
	<filename>074.jpg</filename>
	<path>D:\labelImg\074.jpg</path>
	<source>
		<database>Unknown</database>
	</source>
	<size>
		<width>1000</width>
		<height>760</height>
		<depth>3</depth>
	</size>
	<segmented>0</segmented>
	<object>
		<name>chair</name>
		<pose>Unspecified</pose>
		<truncated>0</truncated>
		<difficult>0</difficult>
		<bndbox>
			<xmin>165</xmin>
			<ymin>355</ymin>
			<xmax>427</xmax>
			<ymax>717</ymax>
		</bndbox>
	</object>
</annotation>
