<annotation>
	<folder>labelImg</folder>
	<filename>075.jpg</filename>
	<path>D:\labelImg\075.jpg</path>
	<source>
		<database>Unknown</database>
	</source>
	<size>
		<width>1300</width>
		<height>867</height>
		<depth>3</depth>
	</size>
	<segmented>0</segmented>
	<object>
		<name>chair</name>
		<pose>Unspecified</pose>
		<truncated>0</truncated>
		<difficult>0</difficult>
		<bndbox>
			<xmin>791</xmin>
			<ymin>602</ymin>
			<xmax>1012</xmax>
			<ymax>829</ymax>
		</bndbox>
	</object>
</annotation>
