<annotation>
	<folder>labelImg</folder>
	<filename>076.jpg</filename>
	<path>D:\labelImg\076.jpg</path>
	<source>
		<database>Unknown</database>
	</source>
	<size>
		<width>754</width>
		<height>487</height>
		<depth>3</depth>
	</size>
	<segmented>0</segmented>
	<object>
		<name>chair</name>
		<pose>Unspecified</pose>
		<truncated>0</truncated>
		<difficult>0</difficult>
		<bndbox>
			<xmin>504</xmin>
			<ymin>123</ymin>
			<xmax>724</xmax>
			<ymax>440</ymax>
		</bndbox>
	</object>
</annotation>
