<annotation>
	<folder>labelImg</folder>
	<filename>077.jpg</filename>
	<path>D:\labelImg\077.jpg</path>
	<source>
		<database>Unknown</database>
	</source>
	<size>
		<width>2048</width>
		<height>1029</height>
		<depth>3</depth>
	</size>
	<segmented>0</segmented>
	<object>
		<name>chair</name>
		<pose>Unspecified</pose>
		<truncated>0</truncated>
		<difficult>0</difficult>
		<bndbox>
			<xmin>420</xmin>
			<ymin>143</ymin>
			<xmax>1517</xmax>
			<ymax>970</ymax>
		</bndbox>
	</object>
</annotation>
