<annotation>
	<folder>labelImg</folder>
	<filename>078.jpg</filename>
	<path>D:\labelImg\078.jpg</path>
	<source>
		<database>Unknown</database>
	</source>
	<size>
		<width>480</width>
		<height>599</height>
		<depth>3</depth>
	</size>
	<segmented>0</segmented>
	<object>
		<name>chair</name>
		<pose>Unspecified</pose>
		<truncated>0</truncated>
		<difficult>0</difficult>
		<bndbox>
			<xmin>70</xmin>
			<ymin>146</ymin>
			<xmax>335</xmax>
			<ymax>491</ymax>
		</bndbox>
	</object>
</annotation>
