<annotation>
	<folder>labelImg</folder>
	<filename>079.png</filename>
	<path>D:\labelImg\079.png</path>
	<source>
		<database>Unknown</database>
	</source>
	<size>
		<width>900</width>
		<height>1200</height>
		<depth>3</depth>
	</size>
	<segmented>0</segmented>
	<object>
		<name>chair</name>
		<pose>Unspecified</pose>
		<truncated>0</truncated>
		<difficult>0</difficult>
		<bndbox>
			<xmin>138</xmin>
			<ymin>172</ymin>
			<xmax>778</xmax>
			<ymax>1087</ymax>
		</bndbox>
	</object>
</annotation>
