<annotation>
	<folder>labelImg</folder>
	<filename>080.jpg</filename>
	<path>D:\labelImg\080.jpg</path>
	<source>
		<database>Unknown</database>
	</source>
	<size>
		<width>768</width>
		<height>491</height>
		<depth>3</depth>
	</size>
	<segmented>0</segmented>
	<object>
		<name>chair</name>
		<pose>Unspecified</pose>
		<truncated>0</truncated>
		<difficult>0</difficult>
		<bndbox>
			<xmin>454</xmin>
			<ymin>183</ymin>
			<xmax>527</xmax>
			<ymax>294</ymax>
		</bndbox>
	</object>
	<object>
		<name>chair</name>
		<pose>Unspecified</pose>
		<truncated>0</truncated>
		<difficult>0</difficult>
		<bndbox>
			<xmin>323</xmin>
			<ymin>181</ymin>
			<xmax>390</xmax>
			<ymax>253</ymax>
		</bndbox>
	</object>
</annotation>
