<annotation>
	<folder>labelImg</folder>
	<filename>081.jpg</filename>
	<path>D:\labelImg\081.jpg</path>
	<source>
		<database>Unknown</database>
	</source>
	<size>
		<width>500</width>
		<height>500</height>
		<depth>3</depth>
	</size>
	<segmented>0</segmented>
	<object>
		<name>chair</name>
		<pose>Unspecified</pose>
		<truncated>0</truncated>
		<difficult>0</difficult>
		<bndbox>
			<xmin>17</xmin>
			<ymin>168</ymin>
			<xmax>193</xmax>
			<ymax>378</ymax>
		</bndbox>
	</object>
	<object>
		<name>chair</name>
		<pose>Unspecified</pose>
		<truncated>0</truncated>
		<difficult>0</difficult>
		<bndbox>
			<xmin>237</xmin>
			<ymin>184</ymin>
			<xmax>492</xmax>
			<ymax>448</ymax>
		</bndbox>
	</object>
</annotation>
