<annotation>
	<folder>labelImg</folder>
	<filename>083.jpg</filename>
	<path>D:\labelImg\083.jpg</path>
	<source>
		<database>Unknown</database>
	</source>
	<size>
		<width>890</width>
		<height>446</height>
		<depth>3</depth>
	</size>
	<segmented>0</segmented>
	<object>
		<name>chair</name>
		<pose>Unspecified</pose>
		<truncated>0</truncated>
		<difficult>0</difficult>
		<bndbox>
			<xmin>69</xmin>
			<ymin>51</ymin>
			<xmax>415</xmax>
			<ymax>431</ymax>
		</bndbox>
	</object>
	<object>
		<name>chair</name>
		<pose>Unspecified</pose>
		<truncated>0</truncated>
		<difficult>0</difficult>
		<bndbox>
			<xmin>387</xmin>
			<ymin>19</ymin>
			<xmax>622</xmax>
			<ymax>319</ymax>
		</bndbox>
	</object>
</annotation>
