<annotation>
	<folder>labelImg</folder>
	<filename>084.jpg</filename>
	<path>D:\labelImg\084.jpg</path>
	<source>
		<database>Unknown</database>
	</source>
	<size>
		<width>612</width>
		<height>612</height>
		<depth>3</depth>
	</size>
	<segmented>0</segmented>
	<object>
		<name>chair</name>
		<pose>Unspecified</pose>
		<truncated>0</truncated>
		<difficult>0</difficult>
		<bndbox>
			<xmin>44</xmin>
			<ymin>128</ymin>
			<xmax>432</xmax>
			<ymax>598</ymax>
		</bndbox>
	</object>
</annotation>
