<annotation>
	<folder>labelImg</folder>
	<filename>085.jpg</filename>
	<path>D:\labelImg\085.jpg</path>
	<source>
		<database>Unknown</database>
	</source>
	<size>
		<width>558</width>
		<height>501</height>
		<depth>3</depth>
	</size>
	<segmented>0</segmented>
	<object>
		<name>chair</name>
		<pose>Unspecified</pose>
		<truncated>0</truncated>
		<difficult>0</difficult>
		<bndbox>
			<xmin>120</xmin>
			<ymin>21</ymin>
			<xmax>431</xmax>
			<ymax>491</ymax>
		</bndbox>
	</object>
</annotation>
