<annotation>
	<folder>labelImg</folder>
	<filename>087.jpg</filename>
	<path>D:\labelImg\087.jpg</path>
	<source>
		<database>Unknown</database>
	</source>
	<size>
		<width>315</width>
		<height>315</height>
		<depth>3</depth>
	</size>
	<segmented>0</segmented>
	<object>
		<name>chair</name>
		<pose>Unspecified</pose>
		<truncated>0</truncated>
		<difficult>0</difficult>
		<bndbox>
			<xmin>63</xmin>
			<ymin>59</ymin>
			<xmax>249</xmax>
			<ymax>253</ymax>
		</bndbox>
	</object>
</annotation>
