<annotation>
	<folder>labelImg</folder>
	<filename>090.jpg</filename>
	<path>D:\labelImg\090.jpg</path>
	<source>
		<database>Unknown</database>
	</source>
	<size>
		<width>500</width>
		<height>375</height>
		<depth>3</depth>
	</size>
	<segmented>0</segmented>
	<object>
		<name>chair</name>
		<pose>Unspecified</pose>
		<truncated>0</truncated>
		<difficult>0</difficult>
		<bndbox>
			<xmin>22</xmin>
			<ymin>142</ymin>
			<xmax>150</xmax>
			<ymax>233</ymax>
		</bndbox>
	</object>
	<object>
		<name>chair</name>
		<pose>Unspecified</pose>
		<truncated>1</truncated>
		<difficult>0</difficult>
		<bndbox>
			<xmin>1</xmin>
			<ymin>177</ymin>
			<xmax>166</xmax>
			<ymax>373</ymax>
		</bndbox>
	</object>
</annotation>
