<annotation>
	<folder>labelImg</folder>
	<filename>091.jpg</filename>
	<path>D:\labelImg\091.jpg</path>
	<source>
		<database>Unknown</database>
	</source>
	<size>
		<width>1800</width>
		<height>1200</height>
		<depth>3</depth>
	</size>
	<segmented>0</segmented>
	<object>
		<name>chair</name>
		<pose>Unspecified</pose>
		<truncated>0</truncated>
		<difficult>0</difficult>
		<bndbox>
			<xmin>1358</xmin>
			<ymin>672</ymin>
			<xmax>1566</xmax>
			<ymax>928</ymax>
		</bndbox>
	</object>
</annotation>
