<annotation>
	<folder>labelImg</folder>
	<filename>092.jpg</filename>
	<path>D:\labelImg\092.jpg</path>
	<source>
		<database>Unknown</database>
	</source>
	<size>
		<width>800</width>
		<height>451</height>
		<depth>3</depth>
	</size>
	<segmented>0</segmented>
	<object>
		<name>chair</name>
		<pose>Unspecified</pose>
		<truncated>1</truncated>
		<difficult>0</difficult>
		<bndbox>
			<xmin>179</xmin>
			<ymin>277</ymin>
			<xmax>283</xmax>
			<ymax>451</ymax>
		</bndbox>
	</object>
</annotation>
