<annotation>
	<folder>labelImg</folder>
	<filename>094.jpg</filename>
	<path>D:\labelImg\094.jpg</path>
	<source>
		<database>Unknown</database>
	</source>
	<size>
		<width>1920</width>
		<height>1276</height>
		<depth>3</depth>
	</size>
	<segmented>0</segmented>
	<object>
		<name>chair</name>
		<pose>Unspecified</pose>
		<truncated>0</truncated>
		<difficult>0</difficult>
		<bndbox>
			<xmin>954</xmin>
			<ymin>457</ymin>
			<xmax>1306</xmax>
			<ymax>1122</ymax>
		</bndbox>
	</object>
</annotation>
