<annotation>
	<folder>labelImg</folder>
	<filename>095.jpg</filename>
	<path>D:\labelImg\095.jpg</path>
	<source>
		<database>Unknown</database>
	</source>
	<size>
		<width>800</width>
		<height>800</height>
		<depth>3</depth>
	</size>
	<segmented>0</segmented>
	<object>
		<name>chair</name>
		<pose>Unspecified</pose>
		<truncated>0</truncated>
		<difficult>0</difficult>
		<bndbox>
			<xmin>219</xmin>
			<ymin>99</ymin>
			<xmax>588</xmax>
			<ymax>710</ymax>
		</bndbox>
	</object>
</annotation>
