<annotation>
	<folder>labelImg</folder>
	<filename>096.jpg</filename>
	<path>D:\labelImg\096.jpg</path>
	<source>
		<database>Unknown</database>
	</source>
	<size>
		<width>500</width>
		<height>500</height>
		<depth>3</depth>
	</size>
	<segmented>0</segmented>
	<object>
		<name>chair</name>
		<pose>Unspecified</pose>
		<truncated>0</truncated>
		<difficult>0</difficult>
		<bndbox>
			<xmin>101</xmin>
			<ymin>2</ymin>
			<xmax>396</xmax>
			<ymax>498</ymax>
		</bndbox>
	</object>
</annotation>
