<annotation>
	<folder>labelImg</folder>
	<filename>097.jpg</filename>
	<path>D:\labelImg\097.jpg</path>
	<source>
		<database>Unknown</database>
	</source>
	<size>
		<width>800</width>
		<height>533</height>
		<depth>3</depth>
	</size>
	<segmented>0</segmented>
	<object>
		<name>chair</name>
		<pose>Unspecified</pose>
		<truncated>0</truncated>
		<difficult>0</difficult>
		<bndbox>
			<xmin>212</xmin>
			<ymin>169</ymin>
			<xmax>338</xmax>
			<ymax>375</ymax>
		</bndbox>
	</object>
</annotation>
