<annotation>
	<folder>labelImg</folder>
	<filename>098.jpg</filename>
	<path>D:\labelImg\098.jpg</path>
	<source>
		<database>Unknown</database>
	</source>
	<size>
		<width>592</width>
		<height>770</height>
		<depth>3</depth>
	</size>
	<segmented>0</segmented>
	<object>
		<name>chair</name>
		<pose>Unspecified</pose>
		<truncated>0</truncated>
		<difficult>0</difficult>
		<bndbox>
			<xmin>119</xmin>
			<ymin>191</ymin>
			<xmax>476</xmax>
			<ymax>684</ymax>
		</bndbox>
	</object>
</annotation>
