<annotation>
	<folder>labelImg</folder>
	<filename>099.jpg</filename>
	<path>D:\labelImg\099.jpg</path>
	<source>
		<database>Unknown</database>
	</source>
	<size>
		<width>1024</width>
		<height>570</height>
		<depth>3</depth>
	</size>
	<segmented>0</segmented>
	<object>
		<name>chair</name>
		<pose>Unspecified</pose>
		<truncated>0</truncated>
		<difficult>0</difficult>
		<bndbox>
			<xmin>201</xmin>
			<ymin>314</ymin>
			<xmax>382</xmax>
			<ymax>519</ymax>
		</bndbox>
	</object>
</annotation>
