<annotation>
	<folder>labelImg</folder>
	<filename>100.jpg</filename>
	<path>D:\labelImg\100.jpg</path>
	<source>
		<database>Unknown</database>
	</source>
	<size>
		<width>500</width>
		<height>334</height>
		<depth>3</depth>
	</size>
	<segmented>0</segmented>
	<object>
		<name>chair</name>
		<pose>Unspecified</pose>
		<truncated>0</truncated>
		<difficult>0</difficult>
		<bndbox>
			<xmin>294</xmin>
			<ymin>162</ymin>
			<xmax>358</xmax>
			<ymax>262</ymax>
		</bndbox>
	</object>
</annotation>
