<annotation>
	<folder>labelImg</folder>
	<filename>101.jpg</filename>
	<path>D:\labelImg\101.jpg</path>
	<source>
		<database>Unknown</database>
	</source>
	<size>
		<width>1200</width>
		<height>800</height>
		<depth>3</depth>
	</size>
	<segmented>0</segmented>
	<object>
		<name>chair</name>
		<pose>Unspecified</pose>
		<truncated>0</truncated>
		<difficult>0</difficult>
		<bndbox>
			<xmin>824</xmin>
			<ymin>473</ymin>
			<xmax>947</xmax>
			<ymax>664</ymax>
		</bndbox>
	</object>
</annotation>
