<annotation>
	<folder>labelImg</folder>
	<filename>102.jpg</filename>
	<path>D:\labelImg\102.jpg</path>
	<source>
		<database>Unknown</database>
	</source>
	<size>
		<width>2000</width>
		<height>2000</height>
		<depth>3</depth>
	</size>
	<segmented>0</segmented>
	<object>
		<name>chair</name>
		<pose>Unspecified</pose>
		<truncated>0</truncated>
		<difficult>0</difficult>
		<bndbox>
			<xmin>247</xmin>
			<ymin>589</ymin>
			<xmax>1684</xmax>
			<ymax>1894</ymax>
		</bndbox>
	</object>
</annotation>
