<annotation>
	<folder>labelImg</folder>
	<filename>104.jpg</filename>
	<path>D:\labelImg\104.jpg</path>
	<source>
		<database>Unknown</database>
	</source>
	<size>
		<width>2000</width>
		<height>2000</height>
		<depth>3</depth>
	</size>
	<segmented>0</segmented>
	<object>
		<name>chair</name>
		<pose>Unspecified</pose>
		<truncated>0</truncated>
		<difficult>0</difficult>
		<bndbox>
			<xmin>84</xmin>
			<ymin>248</ymin>
			<xmax>1036</xmax>
			<ymax>1866</ymax>
		</bndbox>
	</object>
	<object>
		<name>chair</name>
		<pose>Unspecified</pose>
		<truncated>0</truncated>
		<difficult>0</difficult>
		<bndbox>
			<xmin>1093</xmin>
			<ymin>235</ymin>
			<xmax>1804</xmax>
			<ymax>1532</ymax>
		</bndbox>
	</object>
</annotation>
