<annotation>
	<folder>labelImg</folder>
	<filename>108.jpg</filename>
	<path>D:\labelImg\108.jpg</path>
	<source>
		<database>Unknown</database>
	</source>
	<size>
		<width>275</width>
		<height>183</height>
		<depth>3</depth>
	</size>
	<segmented>0</segmented>
	<object>
		<name>chair</name>
		<pose>Unspecified</pose>
		<truncated>0</truncated>
		<difficult>0</difficult>
		<bndbox>
			<xmin>110</xmin>
			<ymin>74</ymin>
			<xmax>196</xmax>
			<ymax>177</ymax>
		</bndbox>
	</object>
</annotation>
