<annotation>
	<folder>labelImg</folder>
	<filename>110.jpg</filename>
	<path>D:\labelImg\110.jpg</path>
	<source>
		<database>Unknown</database>
	</source>
	<size>
		<width>538</width>
		<height>721</height>
		<depth>3</depth>
	</size>
	<segmented>0</segmented>
	<object>
		<name>chair</name>
		<pose>Unspecified</pose>
		<truncated>0</truncated>
		<difficult>0</difficult>
		<bndbox>
			<xmin>161</xmin>
			<ymin>388</ymin>
			<xmax>302</xmax>
			<ymax>529</ymax>
		</bndbox>
	</object>
	<object>
		<name>chair</name>
		<pose>Unspecified</pose>
		<truncated>1</truncated>
		<difficult>0</difficult>
		<bndbox>
			<xmin>417</xmin>
			<ymin>402</ymin>
			<xmax>538</xmax>
			<ymax>607</ymax>
		</bndbox>
	</object>
	<object>
		<name>chair</name>
		<pose>Unspecified</pose>
		<truncated>0</truncated>
		<difficult>0</difficult>
		<bndbox>
			<xmin>431</xmin>
			<ymin>374</ymin>
			<xmax>505</xmax>
			<ymax>529</ymax>
		</bndbox>
	</object>
</annotation>
